Emisores,Valor Nominal,Último Precio,P/U  Veces,P/VL,Capitalización,D/P  Yield,Presencia Bursátil,Índice de Rotación,Líquidez,Fecha
Meriza S.A.,1.0,40.0,(25.71),0.84,3200000,0.00%,0.40%,0.0125,Líquida,2022-02-17
Rio Congo Forestal C.A.,1.0,40.0,(34.85),0.83,3600000,0.22%,2.40%,0.058444,No líquida,2022-02-17
El Tecal C.A. ELTECA,1.0,35.0,(21.45),0.76,3150000,0.00%,1.20%,0.055,No líquida,2022-02-17
La Reserva Forestal (Reforest S.A.),1.0,32.73,(27.68),0.8,2945700,0.00%,1.20%,0.545,No líquida,2022-02-17
Cerro Verde Forestal (Bigforest S.A.),1.0,31.91,(76.86),0.81,3191000,0.58%,2.40%,0.083,No líquida,2022-02-17
La Campiña Forestal (Strongforest S.A.),1.0,31.5,(28.98),0.86,3150000,0.00%,3.60%,0.064,Líquida,2022-02-17
El Refugio Forestal (Homeforest S.A.),1.0,25.68,(28.19),0.78,3210000,0.00%,2.40%,0.0582,No líquida,2022-02-17
El Sendero Forestal (Pathforest),1.0,22.05,(31.97),0.86,2976750,0.00%,1.61%,0.053793,No líquida,2022-02-17
La Estancia Forestal (Forestead),1.0,21.5,(49.13),0.96,3225000,0.00%,0.40%,0.0447,No líquida,2022-02-17
La Colina Forestal (Hillforest),1.0,18.0,(35.77),0.89,3600000,0.00%,0.81%,0.034665,No líquida,2022-02-17
La Sabana Forestal (Plainforest),1.0,17.0,0.00,0.95,4080000,0.00%,1.21%,0.00125,No líquida,2022-02-17
Cerro Alto Forestal (Highforest),1.0,15.4,0.00,0.0,2025000,0.00%,0.81%,0.003422,No líquida,2022-02-17
La Cumbre Forestal (Peakforest),1.0,14.0,0.00,0.0,4725000,0.00%,2.02%,0.086667,No líquida,2022-02-17
La Vanguardia Forestal (Vanguarforest),1.0,2.3,0.00,0.0,4085000,0.00%,2.02%,0.059047,No líquida,2022-02-17
Rio Grande Forestal (Riverforest),1.0,2.62,0.00,0.0,6110000,0.00%,55.65%,0.422678,No líquida,2022-02-17
La Ensenada Forestal (Coveforest),1.0,2.6,0.00,0.0,6500000,0.00%,3.63%,0.05459,Líquida,2022-02-17
Compañía de Cervezas Nacionales S.A.,1.0,55.0,9.87,5.81,1126950000,10.16%,6.80%,0.000306,No líquida,2022-02-17
Continental Tire Andina S.A.,1.0,1.0,20.26,0.83,74894880,2.43%,0.00%,0.0,Líquida,2022-02-17
Cristalería del Ecuador S.A. Cridesa,1.0,3.5,7.27,1.45,73445484,13.65%,0.40%,0.00021,Líquida,2022-02-17
Industrias Ales C.A.,1.0,0.5,38.84,0.28,19800000,0.70%,0.40%,0.000586,No líquida,2022-02-17
Holcim Ecuador S.A.,3.0,47.0,9.38,2.46,962601548,3.20%,7.60%,0.031535,Líquida,2022-02-17
Sociedad Agrícola e Industrial San Carlos S.A.,1.0,0.55,1.14,0.33,75900000,0.00%,20.00%,0.035109,Líquida,2022-02-17
Surpapelcorp S.A.,1.0,4.25,0.00,4.45,109127250,0.00%,4.00%,0.132904,No líquida,2022-02-17
Alicosta BK Holding S.A.,1.0,10.0,0.00,1.51,2350000,0.00%,20.40%,0.332443,Líquida,2022-02-17
Cepsa S.A,1.0,1.0,6.13,0.02,343324,16.32%,0.00%,0.0,No líquida,2022-02-17
Hotel Colón Internacional C.A.,1.0,0.6,26.55,0.4,14706000,6.67%,1.60%,0.000222,No líquida,2022-02-17
Corporación Favorita C.A.,1.0,2.34,12.14,1.45,1872000000,3.10%,47.20%,0.014022,Líquida,2022-02-17
Banco Amazonas S.A.,1.0,1.0,0.00,0.47,10470723,0.00%,0.00%,0.0,No líquida,2022-02-17
Banco Bolivariano S.A.,1.0,1.0,5.66,0.74,228000000,5.26%,7.20%,0.014639,No líquida,2022-02-17
Banco Cofiec S.A.,0.004,0.0028,0.06,0.0,17927,0.00%,0.00%,0.0,No líquida,2022-02-17
Banco de Guayaquil S.A.,1.0,1.0,6.13,0.75,370170000,8.81%,23.79%,0.003722,Líquida,2022-02-17
Banco del Pichincha C.A.,100.0,80.0,4.85,0.5,580523120,5.17%,15.20%,0.197774,Líquida,2022-02-17
Banco Solidario S.A.,1.0,0.26,5.24,0.59,78663670,9.55%,0.40%,0.001162,No líquida,2022-02-17
Corp. Desarrollo Mercado Secundario Hipotecas (CTH),1.0,2.8968,7.79,1.22,9439335,11.60%,0.40%,0.003228,No líquida,2022-02-17
Produbanco S.A,1.0,0.53,2.71,0.38,161040500,9.98%,2.00%,0.000357,No líquida,2022-02-17
Inversancarlos S.A.,1.0,1.28,7.29,1.05,70400000,14.20%,13.60%,0.07556,No líquida,2022-02-17
Meriza S.A.,1.0,40.0,(25.71),0.84,3200000,0.00%,0.40%,0.0125,Líquida,2022-02-24
Rio Congo Forestal C.A.,1.0,40.0,(34.85),0.83,3600000,0.22%,2.40%,0.058444,No líquida,2022-02-24
El Tecal C.A. ELTECA,1.0,35.0,(21.45),0.76,3150000,0.00%,1.20%,0.055,No líquida,2022-02-24
La Reserva Forestal (Reforest S.A.),1.0,32.73,(27.68),0.8,2945700,0.00%,1.20%,0.545,No líquida,2022-02-24
Cerro Verde Forestal (Bigforest S.A.),1.0,31.91,(76.86),0.81,3191000,0.58%,2.40%,0.083,No líquida,2022-02-24
La Campiña Forestal (Strongforest S.A.),1.0,31.5,(28.98),0.86,3150000,0.00%,3.60%,0.064,Líquida,2022-02-24
El Refugio Forestal (Homeforest S.A.),1.0,25.68,(28.19),0.78,3210000,0.00%,2.40%,0.0582,No líquida,2022-02-24
El Sendero Forestal (Pathforest),1.0,22.05,(31.97),0.86,2976750,0.00%,1.61%,0.053793,No líquida,2022-02-24
La Estancia Forestal (Forestead),1.0,21.5,(49.13),0.96,3225000,0.00%,0.40%,0.0447,No líquida,2022-02-24
La Colina Forestal (Hillforest),1.0,18.0,(35.77),0.89,3600000,0.00%,0.81%,0.034665,No líquida,2022-02-24
La Sabana Forestal (Plainforest),1.0,17.0,0.00,0.95,4080000,0.00%,1.21%,0.00125,No líquida,2022-02-24
Cerro Alto Forestal (Highforest),1.0,15.4,0.00,0.0,2025000,0.00%,0.81%,0.003422,No líquida,2022-02-24
La Cumbre Forestal (Peakforest),1.0,14.0,0.00,0.0,4725000,0.00%,2.02%,0.086667,No líquida,2022-02-24
La Vanguardia Forestal (Vanguarforest),1.0,2.3,0.00,0.0,4085000,0.00%,2.02%,0.059047,No líquida,2022-02-24
Rio Grande Forestal (Riverforest),1.0,2.62,0.00,0.0,6110000,0.00%,55.65%,0.422678,No líquida,2022-02-24
La Ensenada Forestal (Coveforest),1.0,2.6,0.00,0.0,6500000,0.00%,3.63%,0.05459,Líquida,2022-02-24
Compañía de Cervezas Nacionales S.A.,1.0,55.0,9.87,5.81,1126950000,10.16%,6.80%,0.000306,No líquida,2022-02-24
Continental Tire Andina S.A.,1.0,1.0,20.26,0.83,74894880,2.43%,0.00%,0.0,Líquida,2022-02-24
Cristalería del Ecuador S.A. Cridesa,1.0,3.5,7.27,1.45,73445484,13.65%,0.40%,0.00021,Líquida,2022-02-24
Industrias Ales C.A.,1.0,0.5,38.84,0.28,19800000,0.70%,0.40%,0.000586,No líquida,2022-02-24
Holcim Ecuador S.A.,3.0,47.0,9.38,2.46,962601548,3.20%,7.60%,0.031535,Líquida,2022-02-24
Sociedad Agrícola e Industrial San Carlos S.A.,1.0,0.55,1.14,0.33,75900000,0.00%,20.00%,0.035109,Líquida,2022-02-24
Surpapelcorp S.A.,1.0,4.25,0.00,4.45,109127250,0.00%,4.00%,0.132904,No líquida,2022-02-24
Alicosta BK Holding S.A.,1.0,10.0,0.00,1.51,2350000,0.00%,20.40%,0.332443,Líquida,2022-02-24
Cepsa S.A,1.0,1.0,6.13,0.02,343324,16.32%,0.00%,0.0,No líquida,2022-02-24
Hotel Colón Internacional C.A.,1.0,0.6,26.55,0.4,14706000,6.67%,1.60%,0.000222,No líquida,2022-02-24
Corporación Favorita C.A.,1.0,2.36,12.24,1.46,1888000000,3.07%,47.20%,0.014022,Líquida,2022-02-24
Banco Amazonas S.A.,1.0,1.0,0.00,0.47,10470723,0.00%,0.00%,0.0,No líquida,2022-02-24
Banco Bolivariano S.A.,1.0,1.0,5.66,0.74,228000000,5.26%,7.20%,0.014639,No líquida,2022-02-24
Banco Cofiec S.A.,0.004,0.0028,0.06,0.0,17927,0.00%,0.00%,0.0,No líquida,2022-02-24
Banco de Guayaquil S.A.,1.0,1.02,6.25,0.77,377573400,8.63%,23.79%,0.003722,Líquida,2022-02-24
Banco del Pichincha C.A.,100.0,80.0,4.85,0.5,580523120,5.17%,15.20%,0.197774,Líquida,2022-02-24
Banco Solidario S.A.,1.0,0.26,5.24,0.59,78663670,9.55%,0.40%,0.001162,No líquida,2022-02-24
Corp. Desarrollo Mercado Secundario Hipotecas (CTH),1.0,2.8968,7.79,1.22,9439335,11.60%,0.40%,0.003228,No líquida,2022-02-24
Produbanco S.A,1.0,0.53,2.71,0.38,161040500,9.98%,2.00%,0.000357,No líquida,2022-02-24
Inversancarlos S.A.,1.0,1.28,7.29,1.05,70400000,14.20%,13.60%,0.07556,No líquida,2022-02-24
Meriza S.A.,1.0,40.0,(25.71),0.84,3200000,0.00%,0.40%,0.0125,Líquida,2022-03-03
Rio Congo Forestal C.A.,1.0,40.0,(34.85),0.83,3600000,0.22%,2.40%,0.058444,No líquida,2022-03-03
El Tecal C.A. ELTECA,1.0,35.0,(21.45),0.76,3150000,0.00%,1.20%,0.055,No líquida,2022-03-03
La Reserva Forestal (Reforest S.A.),1.0,32.73,(27.68),0.8,2945700,0.00%,1.20%,0.545,No líquida,2022-03-03
Cerro Verde Forestal (Bigforest S.A.),1.0,31.91,(76.86),0.81,3191000,0.58%,2.40%,0.083,No líquida,2022-03-03
La Campiña Forestal (Strongforest S.A.),1.0,31.5,(28.98),0.86,3150000,0.00%,3.60%,0.064,Líquida,2022-03-03
El Refugio Forestal (Homeforest S.A.),1.0,25.68,(28.19),0.78,3210000,0.00%,2.40%,0.0582,No líquida,2022-03-03
El Sendero Forestal (Pathforest),1.0,22.05,(31.97),0.86,2976750,0.00%,1.61%,0.053793,No líquida,2022-03-03
La Estancia Forestal (Forestead),1.0,21.5,(49.13),0.96,3225000,0.00%,0.40%,0.0447,No líquida,2022-03-03
La Colina Forestal (Hillforest),1.0,18.0,(35.77),0.89,3600000,0.00%,0.81%,0.034665,No líquida,2022-03-03
La Sabana Forestal (Plainforest),1.0,17.0,0.00,0.95,4080000,0.00%,1.21%,0.00125,No líquida,2022-03-03
Cerro Alto Forestal (Highforest),1.0,15.4,0.00,0.0,2025000,0.00%,0.81%,0.003422,No líquida,2022-03-03
La Cumbre Forestal (Peakforest),1.0,14.0,0.00,0.0,4725000,0.00%,2.02%,0.086667,No líquida,2022-03-03
La Vanguardia Forestal (Vanguarforest),1.0,2.3,0.00,0.0,4085000,0.00%,2.02%,0.059047,No líquida,2022-03-03
Rio Grande Forestal (Riverforest),1.0,2.62,0.00,0.0,6110000,0.00%,55.65%,0.422678,No líquida,2022-03-03
La Ensenada Forestal (Coveforest),1.0,2.6,0.00,0.0,6500000,0.00%,3.63%,0.05459,Líquida,2022-03-03
Compañía de Cervezas Nacionales S.A.,1.0,55.0,9.87,5.81,1126950000,10.16%,6.80%,0.000306,No líquida,2022-03-03
Continental Tire Andina S.A.,1.0,0.7,14.18,0.58,52426416,3.47%,0.00%,0.0,Líquida,2022-03-03
Cristalería del Ecuador S.A. Cridesa,1.0,3.5,7.27,1.45,73445484,13.65%,0.40%,0.00021,Líquida,2022-03-03
Industrias Ales C.A.,1.0,0.5,38.84,0.28,19800000,0.70%,0.40%,0.000586,No líquida,2022-03-03
Holcim Ecuador S.A.,3.0,47.0,9.38,2.46,962601548,3.20%,7.60%,0.031535,Líquida,2022-03-03
Sociedad Agrícola e Industrial San Carlos S.A.,1.0,0.55,1.14,0.33,75900000,0.00%,20.00%,0.035109,Líquida,2022-03-03
Surpapelcorp S.A.,1.0,4.25,0.00,4.45,109127250,0.00%,4.00%,0.132904,No líquida,2022-03-03
Alicosta BK Holding S.A.,1.0,10.0,0.00,1.51,2350000,0.00%,20.40%,0.332443,Líquida,2022-03-03
Cepsa S.A,1.0,1.0,6.13,0.02,343324,16.32%,0.00%,0.0,No líquida,2022-03-03
Hotel Colón Internacional C.A.,1.0,0.6,26.55,0.4,14706000,6.67%,1.60%,0.000222,No líquida,2022-03-03
Corporación Favorita C.A.,1.0,2.36,12.24,1.46,1888000000,3.07%,47.20%,0.014022,Líquida,2022-03-03
Banco Amazonas S.A.,1.0,1.0,0.00,0.47,10470723,0.00%,0.00%,0.0,No líquida,2022-03-03
Banco Bolivariano S.A.,1.0,1.0,5.66,0.74,228000000,5.26%,7.20%,0.014639,No líquida,2022-03-03
Banco Cofiec S.A.,0.004,0.0028,0.06,0.0,17927,0.00%,0.00%,0.0,No líquida,2022-03-03
Banco de Guayaquil S.A.,1.0,1.02,6.25,0.77,377573400,8.63%,23.79%,0.003722,Líquida,2022-03-03
Banco del Pichincha C.A.,100.0,76.0,4.61,0.47,551496964,5.44%,15.20%,0.197774,Líquida,2022-03-03
Banco Solidario S.A.,1.0,0.26,5.24,0.59,78663670,9.55%,0.40%,0.001162,No líquida,2022-03-03
Corp. Desarrollo Mercado Secundario Hipotecas (CTH),1.0,2.8968,7.79,1.22,9439335,11.60%,0.40%,0.003228,No líquida,2022-03-03
Produbanco S.A,1.0,0.53,2.71,0.38,161040500,9.98%,2.00%,0.000357,No líquida,2022-03-03
Inversancarlos S.A.,1.0,1.28,7.29,1.05,70400000,14.20%,13.60%,0.07556,No líquida,2022-03-03
Meriza S.A.,1.0,40.0,(25.71),0.84,3200000,0.00%,0.40%,0.0125,Líquida,2022-03-10
Rio Congo Forestal C.A.,1.0,40.0,(34.85),0.83,3600000,0.22%,2.40%,0.058444,No líquida,2022-03-10
El Tecal C.A. ELTECA,1.0,35.0,(21.45),0.76,3150000,0.00%,1.20%,0.055,No líquida,2022-03-10
La Reserva Forestal (Reforest S.A.),1.0,32.73,(27.68),0.8,2945700,0.00%,1.20%,0.545,No líquida,2022-03-10
Cerro Verde Forestal (Bigforest S.A.),1.0,31.91,(76.86),0.81,3191000,0.58%,2.40%,0.083,No líquida,2022-03-10
La Campiña Forestal (Strongforest S.A.),1.0,31.5,(28.98),0.86,3150000,0.00%,3.60%,0.064,Líquida,2022-03-10
El Refugio Forestal (Homeforest S.A.),1.0,25.68,(28.19),0.78,3210000,0.00%,2.40%,0.0582,No líquida,2022-03-10
El Sendero Forestal (Pathforest),1.0,22.05,(31.97),0.86,2976750,0.00%,1.61%,0.053793,No líquida,2022-03-10
La Estancia Forestal (Forestead),1.0,21.5,(49.13),0.96,3225000,0.00%,0.40%,0.0447,No líquida,2022-03-10
La Colina Forestal (Hillforest),1.0,18.0,(35.77),0.89,3600000,0.00%,0.81%,0.034665,No líquida,2022-03-10
La Sabana Forestal (Plainforest),1.0,17.0,0.00,0.95,4080000,0.00%,1.21%,0.00125,No líquida,2022-03-10
Cerro Alto Forestal (Highforest),1.0,15.4,0.00,0.0,2025000,0.00%,0.81%,0.003422,No líquida,2022-03-10
La Cumbre Forestal (Peakforest),1.0,14.0,0.00,0.0,4725000,0.00%,2.02%,0.086667,No líquida,2022-03-10
La Vanguardia Forestal (Vanguarforest),1.0,2.3,0.00,0.0,4085000,0.00%,2.02%,0.059047,No líquida,2022-03-10
Rio Grande Forestal (Riverforest),1.0,2.62,0.00,0.0,6110000,0.00%,55.65%,0.422678,No líquida,2022-03-10
La Ensenada Forestal (Coveforest),1.0,2.6,0.00,0.0,6500000,0.00%,3.63%,0.05459,Líquida,2022-03-10
Compañía de Cervezas Nacionales S.A.,1.0,58.0,10.41,6.13,1188420000,9.63%,6.80%,0.000306,No líquida,2022-03-10
Continental Tire Andina S.A.,1.0,0.7,14.18,0.58,52426416,3.47%,0.00%,0.0,Líquida,2022-03-10
Cristalería del Ecuador S.A. Cridesa,1.0,3.5,7.27,1.45,73445484,13.65%,0.40%,0.00021,Líquida,2022-03-10
Industrias Ales C.A.,1.0,0.5,38.84,0.28,19800000,0.70%,0.40%,0.000586,No líquida,2022-03-10
Holcim Ecuador S.A.,3.0,50.0,9.98,2.62,1024044200,3.00%,7.60%,0.031535,Líquida,2022-03-10
Sociedad Agrícola e Industrial San Carlos S.A.,1.0,0.59,1.22,0.35,81420000,0.00%,20.00%,0.035109,Líquida,2022-03-10
Surpapelcorp S.A.,1.0,4.25,0.00,4.45,109127250,0.00%,4.00%,0.132904,No líquida,2022-03-10
Alicosta BK Holding S.A.,1.0,10.0,0.00,1.51,2350000,0.00%,20.40%,0.332443,Líquida,2022-03-10
Cepsa S.A,1.0,1.0,6.13,0.02,343324,16.32%,0.00%,0.0,No líquida,2022-03-10
Hotel Colón Internacional C.A.,1.0,0.6,26.55,0.4,14706000,6.67%,1.60%,0.000222,No líquida,2022-03-10
Corporación Favorita C.A.,1.0,2.34,12.14,1.45,1872000000,3.10%,47.20%,0.014022,Líquida,2022-03-10
Banco Amazonas S.A.,1.0,1.0,0.00,0.47,10470723,0.00%,0.00%,0.0,No líquida,2022-03-10
Banco Bolivariano S.A.,1.0,1.0,5.66,0.74,228000000,5.26%,7.20%,0.014639,No líquida,2022-03-10
Banco Cofiec S.A.,0.004,0.0028,0.06,0.0,17927,0.00%,0.00%,0.0,No líquida,2022-03-10
Banco de Guayaquil S.A.,1.0,1.05,6.44,0.79,388678500,8.39%,23.79%,0.003722,Líquida,2022-03-10
Banco del Pichincha C.A.,100.0,76.0,4.61,0.47,551496964,5.44%,15.20%,0.197774,Líquida,2022-03-10
Banco Solidario S.A.,1.0,0.26,5.24,0.59,78663670,9.55%,0.40%,0.001162,No líquida,2022-03-10
Corp. Desarrollo Mercado Secundario Hipotecas (CTH),1.0,2.8968,7.79,1.22,9439335,11.60%,0.40%,0.003228,No líquida,2022-03-10
Produbanco S.A,1.0,0.53,2.71,0.38,161040500,9.98%,2.00%,0.000357,No líquida,2022-03-10
Inversancarlos S.A.,1.0,1.28,7.29,1.05,70400000,14.20%,13.60%,0.07556,No líquida,2022-03-10
Meriza S.A.,1.0,40.0,(25.71),0.84,3200000,0.00%,0.40%,0.0125,Líquida,2022-03-17
Rio Congo Forestal C.A.,1.0,40.0,(34.85),0.83,3600000,0.22%,2.40%,0.058444,No líquida,2022-03-17
El Tecal C.A. ELTECA,1.0,35.0,(21.45),0.76,3150000,0.00%,1.20%,0.055,No líquida,2022-03-17
La Reserva Forestal (Reforest S.A.),1.0,32.73,(27.68),0.8,2945700,0.00%,1.20%,0.545,No líquida,2022-03-17
Cerro Verde Forestal (Bigforest S.A.),1.0,31.91,(76.86),0.81,3191000,0.58%,2.40%,0.083,No líquida,2022-03-17
La Campiña Forestal (Strongforest S.A.),1.0,31.5,(28.98),0.86,3150000,0.00%,3.60%,0.064,Líquida,2022-03-17
El Refugio Forestal (Homeforest S.A.),1.0,25.68,(28.19),0.78,3210000,0.00%,2.40%,0.0582,No líquida,2022-03-17
El Sendero Forestal (Pathforest),1.0,22.05,(31.97),0.86,2976750,0.00%,1.61%,0.053793,No líquida,2022-03-17
La Estancia Forestal (Forestead),1.0,21.5,(49.13),0.96,3225000,0.00%,0.40%,0.0447,No líquida,2022-03-17
La Colina Forestal (Hillforest),1.0,18.0,(35.77),0.89,3600000,0.00%,0.81%,0.034665,No líquida,2022-03-17
La Sabana Forestal (Plainforest),1.0,17.0,0.00,0.95,4080000,0.00%,1.21%,0.00125,No líquida,2022-03-17
Cerro Alto Forestal (Highforest),1.0,15.4,0.00,0.0,2025000,0.00%,0.81%,0.003422,No líquida,2022-03-17
La Cumbre Forestal (Peakforest),1.0,14.0,0.00,0.0,4725000,0.00%,2.02%,0.086667,No líquida,2022-03-17
La Vanguardia Forestal (Vanguarforest),1.0,2.3,0.00,0.0,4085000,0.00%,2.02%,0.059047,No líquida,2022-03-17
Rio Grande Forestal (Riverforest),1.0,2.62,0.00,0.0,6110000,0.00%,55.65%,0.422678,No líquida,2022-03-17
La Ensenada Forestal (Coveforest),1.0,2.6,0.00,0.0,6500000,0.00%,3.63%,0.05459,Líquida,2022-03-17
Compañía de Cervezas Nacionales S.A.,1.0,55.0,9.87,5.81,1126950000,10.16%,6.80%,0.000306,No líquida,2022-03-17
Continental Tire Andina S.A.,1.0,0.7,14.18,0.58,52426416,3.47%,0.00%,0.0,Líquida,2022-03-17
Cristalería del Ecuador S.A. Cridesa,1.0,3.5,7.27,1.45,73445484,13.65%,0.40%,0.00021,Líquida,2022-03-17
Industrias Ales C.A.,1.0,0.5,38.84,0.28,19800000,0.70%,0.40%,0.000586,No líquida,2022-03-17
Holcim Ecuador S.A.,3.0,50.0,9.98,2.62,1024044200,3.00%,7.60%,0.031535,Líquida,2022-03-17
Sociedad Agrícola e Industrial San Carlos S.A.,1.0,0.59,1.22,0.35,81420000,0.00%,20.00%,0.035109,Líquida,2022-03-17
Surpapelcorp S.A.,1.0,4.25,0.00,4.45,109127250,0.00%,4.00%,0.132904,No líquida,2022-03-17
Alicosta BK Holding S.A.,1.0,10.0,0.00,1.51,2350000,0.00%,20.40%,0.332443,Líquida,2022-03-17
Cepsa S.A,1.0,1.0,6.13,0.02,343324,16.32%,0.00%,0.0,No líquida,2022-03-17
Hotel Colón Internacional C.A.,1.0,0.6,26.55,0.4,14706000,6.67%,1.60%,0.000222,No líquida,2022-03-17
Corporación Favorita C.A.,1.0,2.33,12.09,1.44,1864000000,3.11%,47.20%,0.014022,Líquida,2022-03-17
Banco Amazonas S.A.,1.0,1.0,0.00,0.47,10470723,0.00%,0.00%,0.0,No líquida,2022-03-17
Banco Bolivariano S.A.,1.0,1.0,5.66,0.74,228000000,5.26%,7.20%,0.014639,No líquida,2022-03-17
Banco Cofiec S.A.,0.004,0.0028,0.06,0.0,17927,0.00%,0.00%,0.0,No líquida,2022-03-17
Banco de Guayaquil S.A.,1.0,1.0,6.13,0.75,370170000,8.81%,23.79%,0.003722,Líquida,2022-03-17
Banco del Pichincha C.A.,100.0,76.0,4.61,0.47,551496964,5.44%,15.20%,0.197774,Líquida,2022-03-17
Banco Solidario S.A.,1.0,0.26,5.24,0.59,78663670,9.55%,0.40%,0.001162,No líquida,2022-03-17
Corp. Desarrollo Mercado Secundario Hipotecas (CTH),1.0,2.8968,7.79,1.22,9439335,11.60%,0.40%,0.003228,No líquida,2022-03-17
Produbanco S.A,1.0,0.53,2.71,0.38,161040500,9.98%,2.00%,0.000357,No líquida,2022-03-17
Inversancarlos S.A.,1.0,1.28,7.29,1.05,70400000,14.20%,13.60%,0.07556,No líquida,2022-03-17
Meriza S.A.,1.0,40.0,(25.71),0.84,3200000,0.00%,0.40%,0.0125,Líquida,2022-03-17
Rio Congo Forestal C.A.,1.0,40.0,(34.85),0.83,3600000,0.22%,2.40%,0.058444,No líquida,2022-03-17
El Tecal C.A. ELTECA,1.0,35.0,(21.45),0.76,3150000,0.00%,1.20%,0.055,No líquida,2022-03-17
La Reserva Forestal (Reforest S.A.),1.0,32.73,(27.68),0.8,2945700,0.00%,1.20%,0.545,No líquida,2022-03-17
Cerro Verde Forestal (Bigforest S.A.),1.0,31.91,(76.86),0.81,3191000,0.58%,2.40%,0.083,No líquida,2022-03-17
La Campiña Forestal (Strongforest S.A.),1.0,31.5,(28.98),0.86,3150000,0.00%,3.60%,0.064,Líquida,2022-03-17
El Refugio Forestal (Homeforest S.A.),1.0,25.68,(28.19),0.78,3210000,0.00%,2.40%,0.0582,No líquida,2022-03-17
El Sendero Forestal (Pathforest),1.0,22.05,(31.97),0.86,2976750,0.00%,1.61%,0.053793,No líquida,2022-03-17
La Estancia Forestal (Forestead),1.0,21.5,(49.13),0.96,3225000,0.00%,0.40%,0.0447,No líquida,2022-03-17
La Colina Forestal (Hillforest),1.0,18.0,(35.77),0.89,3600000,0.00%,0.81%,0.034665,No líquida,2022-03-17
La Sabana Forestal (Plainforest),1.0,17.0,0.00,0.95,4080000,0.00%,1.21%,0.00125,No líquida,2022-03-17
Cerro Alto Forestal (Highforest),1.0,15.4,0.00,0.0,2025000,0.00%,0.81%,0.003422,No líquida,2022-03-17
La Cumbre Forestal (Peakforest),1.0,14.0,0.00,0.0,4725000,0.00%,2.02%,0.086667,No líquida,2022-03-17
La Vanguardia Forestal (Vanguarforest),1.0,2.3,0.00,0.0,4085000,0.00%,2.02%,0.059047,No líquida,2022-03-17
Rio Grande Forestal (Riverforest),1.0,2.62,0.00,0.0,6110000,0.00%,55.65%,0.422678,No líquida,2022-03-17
La Ensenada Forestal (Coveforest),1.0,2.6,0.00,0.0,6500000,0.00%,3.63%,0.05459,Líquida,2022-03-17
Compañía de Cervezas Nacionales S.A.,1.0,55.0,9.87,5.81,1126950000,10.16%,6.80%,0.000306,No líquida,2022-03-17
Continental Tire Andina S.A.,1.0,0.7,14.18,0.58,52426416,3.47%,0.00%,0.0,Líquida,2022-03-17
Cristalería del Ecuador S.A. Cridesa,1.0,3.5,7.27,1.45,73445484,13.65%,0.40%,0.00021,Líquida,2022-03-17
Industrias Ales C.A.,1.0,0.5,38.84,0.28,19800000,0.70%,0.40%,0.000586,No líquida,2022-03-17
Holcim Ecuador S.A.,3.0,50.0,9.98,2.62,1024044200,3.00%,7.60%,0.031535,Líquida,2022-03-17
Sociedad Agrícola e Industrial San Carlos S.A.,1.0,0.59,1.22,0.35,81420000,0.00%,20.00%,0.035109,Líquida,2022-03-17
Surpapelcorp S.A.,1.0,4.25,0.00,4.45,109127250,0.00%,4.00%,0.132904,No líquida,2022-03-17
Alicosta BK Holding S.A.,1.0,10.0,0.00,1.51,2350000,0.00%,20.40%,0.332443,Líquida,2022-03-17
Cepsa S.A,1.0,1.0,6.13,0.02,343324,16.32%,0.00%,0.0,No líquida,2022-03-17
Hotel Colón Internacional C.A.,1.0,0.6,26.55,0.4,14706000,6.67%,1.60%,0.000222,No líquida,2022-03-17
Corporación Favorita C.A.,1.0,2.33,12.09,1.44,1864000000,3.11%,47.20%,0.014022,Líquida,2022-03-17
Banco Amazonas S.A.,1.0,1.0,0.00,0.47,10470723,0.00%,0.00%,0.0,No líquida,2022-03-17
Banco Bolivariano S.A.,1.0,1.0,5.66,0.74,228000000,5.26%,7.20%,0.014639,No líquida,2022-03-17
Banco Cofiec S.A.,0.004,0.0028,0.06,0.0,17927,0.00%,0.00%,0.0,No líquida,2022-03-17
Banco de Guayaquil S.A.,1.0,1.0,6.13,0.75,370170000,8.81%,23.79%,0.003722,Líquida,2022-03-17
Banco del Pichincha C.A.,100.0,76.0,4.61,0.47,551496964,5.44%,15.20%,0.197774,Líquida,2022-03-17
Banco Solidario S.A.,1.0,0.26,5.24,0.59,78663670,9.55%,0.40%,0.001162,No líquida,2022-03-17
Corp. Desarrollo Mercado Secundario Hipotecas (CTH),1.0,2.8968,7.79,1.22,9439335,11.60%,0.40%,0.003228,No líquida,2022-03-17
Produbanco S.A,1.0,0.53,2.71,0.38,161040500,9.98%,2.00%,0.000357,No líquida,2022-03-17
Inversancarlos S.A.,1.0,1.28,7.29,1.05,70400000,14.20%,13.60%,0.07556,No líquida,2022-03-17
Meriza S.A.,1.0,40.0,(25.71),0.84,3200000,0.00%,0.40%,0.0125,Líquida,2022-03-24
Rio Congo Forestal C.A.,1.0,40.0,(34.85),0.83,3600000,0.22%,2.40%,0.058444,No líquida,2022-03-24
El Tecal C.A. ELTECA,1.0,35.0,(21.45),0.76,3150000,0.00%,1.20%,0.055,No líquida,2022-03-24
La Reserva Forestal (Reforest S.A.),1.0,32.73,(27.68),0.8,2945700,0.00%,1.20%,0.545,No líquida,2022-03-24
Cerro Verde Forestal (Bigforest S.A.),1.0,31.91,(76.86),0.81,3191000,0.58%,2.40%,0.083,No líquida,2022-03-24
La Campiña Forestal (Strongforest S.A.),1.0,31.5,(28.98),0.86,3150000,0.00%,3.60%,0.064,Líquida,2022-03-24
El Refugio Forestal (Homeforest S.A.),1.0,25.68,(28.19),0.78,3210000,0.00%,2.40%,0.0582,No líquida,2022-03-24
El Sendero Forestal (Pathforest),1.0,22.05,(31.97),0.86,2976750,0.00%,1.61%,0.053793,No líquida,2022-03-24
La Estancia Forestal (Forestead),1.0,21.5,(49.13),0.96,3225000,0.00%,0.40%,0.0447,No líquida,2022-03-24
La Colina Forestal (Hillforest),1.0,18.0,(35.77),0.89,3600000,0.00%,0.81%,0.034665,No líquida,2022-03-24
La Sabana Forestal (Plainforest),1.0,16.18,0.00,0.9,3883200,0.00%,1.21%,0.00125,No líquida,2022-03-24
Cerro Alto Forestal (Highforest),1.0,15.4,0.00,0.0,2025000,0.00%,0.81%,0.003422,No líquida,2022-03-24
La Cumbre Forestal (Peakforest),1.0,14.0,0.00,0.0,4725000,0.00%,2.02%,0.086667,No líquida,2022-03-24
La Vanguardia Forestal (Vanguarforest),1.0,2.3,0.00,0.0,4085000,0.00%,2.02%,0.059047,No líquida,2022-03-24
Rio Grande Forestal (Riverforest),1.0,2.62,0.00,0.0,6110000,0.00%,55.65%,0.422678,No líquida,2022-03-24
La Ensenada Forestal (Coveforest),1.0,2.6,0.00,0.0,6500000,0.00%,3.63%,0.05459,Líquida,2022-03-24
Compañía de Cervezas Nacionales S.A.,1.0,55.0,9.87,5.81,1126950000,10.16%,6.80%,0.000306,No líquida,2022-03-24
Continental Tire Andina S.A.,1.0,0.7,14.18,0.58,52426416,3.47%,0.00%,0.0,Líquida,2022-03-24
Cristalería del Ecuador S.A. Cridesa,1.0,3.5,7.27,1.45,73445484,13.65%,0.40%,0.00021,Líquida,2022-03-24
Industrias Ales C.A.,1.0,0.5,38.84,0.28,19800000,0.70%,0.40%,0.000586,No líquida,2022-03-24
Holcim Ecuador S.A.,3.0,50.0,9.98,2.62,1024044200,3.00%,7.60%,0.031535,Líquida,2022-03-24
Sociedad Agrícola e Industrial San Carlos S.A.,1.0,0.59,1.22,0.35,81420000,0.00%,20.00%,0.035109,Líquida,2022-03-24
Surpapelcorp S.A.,1.0,4.25,0.00,4.45,109127250,0.00%,4.00%,0.132904,No líquida,2022-03-24
Alicosta BK Holding S.A.,1.0,10.0,0.00,1.51,2350000,0.00%,20.40%,0.332443,Líquida,2022-03-24
Cepsa S.A,1.0,1.0,6.13,0.02,343324,16.32%,0.00%,0.0,No líquida,2022-03-24
Hotel Colón Internacional C.A.,1.0,0.6,26.55,0.4,14706000,6.67%,1.60%,0.000222,No líquida,2022-03-24
Corporación Favorita C.A.,1.0,2.35,12.19,1.45,1880000000,3.09%,47.20%,0.014022,Líquida,2022-03-24
Banco Amazonas S.A.,1.0,1.0,0.00,0.47,10470723,0.00%,0.00%,0.0,No líquida,2022-03-24
Banco Bolivariano S.A.,1.0,0.9,5.09,0.67,205200000,5.85%,7.20%,0.014639,No líquida,2022-03-24
Banco Cofiec S.A.,0.004,0.0028,0.06,0.0,17927,0.00%,0.00%,0.0,No líquida,2022-03-24
Banco de Guayaquil S.A.,1.0,1.0,6.13,0.75,370170000,8.81%,23.79%,0.003722,Líquida,2022-03-24
Banco del Pichincha C.A.,100.0,76.0,4.61,0.47,551496964,5.44%,15.20%,0.197774,Líquida,2022-03-24
Banco Solidario S.A.,1.0,0.26,5.24,0.59,78663670,9.55%,0.40%,0.001162,No líquida,2022-03-24
Corp. Desarrollo Mercado Secundario Hipotecas (CTH),1.0,2.8968,7.79,1.22,9439335,11.60%,0.40%,0.003228,No líquida,2022-03-24
Produbanco S.A,1.0,0.53,2.71,0.38,161040500,9.98%,2.00%,0.000357,No líquida,2022-03-24
Inversancarlos S.A.,1.0,1.28,7.29,1.05,70400000,14.20%,13.60%,0.07556,No líquida,2022-03-24
Meriza S.A.,1.0,40.0,(25.71),0.84,3200000,0.00%,0.40%,0.0125,Líquida,2022-03-31
Rio Congo Forestal C.A.,1.0,40.0,(34.85),0.83,3600000,0.22%,2.40%,0.058444,No líquida,2022-03-31
El Tecal C.A. ELTECA,1.0,35.0,(21.45),0.76,3150000,0.00%,1.20%,0.055,No líquida,2022-03-31
La Reserva Forestal (Reforest S.A.),1.0,32.73,(27.68),0.8,2945700,0.00%,1.20%,0.545,No líquida,2022-03-31
Cerro Verde Forestal (Bigforest S.A.),1.0,31.91,(76.86),0.81,3191000,0.58%,2.40%,0.083,No líquida,2022-03-31
La Campiña Forestal (Strongforest S.A.),1.0,31.5,(28.98),0.86,3150000,0.00%,3.60%,0.064,Líquida,2022-03-31
El Refugio Forestal (Homeforest S.A.),1.0,25.68,(28.19),0.78,3210000,0.00%,2.40%,0.0582,No líquida,2022-03-31
El Sendero Forestal (Pathforest),1.0,22.05,(31.97),0.86,2976750,0.00%,1.61%,0.053793,No líquida,2022-03-31
La Estancia Forestal (Forestead),1.0,21.5,(49.13),0.96,3225000,0.00%,0.40%,0.0447,No líquida,2022-03-31
La Colina Forestal (Hillforest),1.0,18.0,(35.77),0.89,3600000,0.00%,0.81%,0.034665,No líquida,2022-03-31
La Sabana Forestal (Plainforest),1.0,16.18,0.00,0.9,3883200,0.00%,1.21%,0.00125,No líquida,2022-03-31
Cerro Alto Forestal (Highforest),1.0,15.4,0.00,0.0,2025000,0.00%,0.81%,0.003422,No líquida,2022-03-31
La Cumbre Forestal (Peakforest),1.0,14.0,0.00,0.0,4725000,0.00%,2.02%,0.086667,No líquida,2022-03-31
La Vanguardia Forestal (Vanguarforest),1.0,2.3,0.00,0.0,4085000,0.00%,2.02%,0.059047,No líquida,2022-03-31
Rio Grande Forestal (Riverforest),1.0,2.62,0.00,0.0,6110000,0.00%,55.65%,0.422678,No líquida,2022-03-31
La Ensenada Forestal (Coveforest),1.0,2.6,0.00,0.0,6500000,0.00%,3.63%,0.05459,Líquida,2022-03-31
Compañía de Cervezas Nacionales S.A.,1.0,55.0,9.87,5.81,1126950000,10.16%,6.80%,0.000306,No líquida,2022-03-31
Continental Tire Andina S.A.,1.0,0.7,14.18,0.58,52426416,3.47%,0.00%,0.0,Líquida,2022-03-31
Cristalería del Ecuador S.A. Cridesa,1.0,3.5,7.27,1.45,73445484,13.65%,0.40%,0.00021,Líquida,2022-03-31
Industrias Ales C.A.,1.0,0.5,38.84,0.28,19800000,0.70%,0.40%,0.000586,No líquida,2022-03-31
Holcim Ecuador S.A.,3.0,50.0,9.98,2.62,1024044200,3.00%,7.60%,0.031535,Líquida,2022-03-31
Sociedad Agrícola e Industrial San Carlos S.A.,1.0,0.59,1.22,0.35,81420000,0.00%,20.00%,0.035109,Líquida,2022-03-31
Surpapelcorp S.A.,1.0,4.25,0.00,4.45,109127250,0.00%,4.00%,0.132904,No líquida,2022-03-31
Alicosta BK Holding S.A.,1.0,10.0,0.00,1.51,2350000,0.00%,20.40%,0.332443,Líquida,2022-03-31
Cepsa S.A,1.0,1.0,6.13,0.02,343324,16.32%,0.00%,0.0,No líquida,2022-03-31
Hotel Colón Internacional C.A.,1.0,0.6,26.55,0.4,14706000,6.67%,1.60%,0.000222,No líquida,2022-03-31
Corporación Favorita C.A.,1.0,2.37,12.29,1.47,1896000000,3.06%,47.20%,0.014022,Líquida,2022-03-31
Banco Amazonas S.A.,1.0,1.0,0.00,0.47,10470723,0.00%,0.00%,0.0,No líquida,2022-03-31
Banco Bolivariano S.A.,1.0,0.9,5.09,0.67,205200000,5.85%,7.20%,0.014639,No líquida,2022-03-31
Banco Cofiec S.A.,0.004,0.0028,0.06,0.0,17927,0.00%,0.00%,0.0,No líquida,2022-03-31
Banco de Guayaquil S.A.,1.0,1.0,6.13,0.75,370170000,8.81%,23.79%,0.003722,Líquida,2022-03-31
Banco del Pichincha C.A.,100.0,76.0,4.61,0.47,551496964,5.44%,15.20%,0.197774,Líquida,2022-03-31
Banco Solidario S.A.,1.0,0.26,5.24,0.59,78663670,9.55%,0.40%,0.001162,No líquida,2022-03-31
Corp. Desarrollo Mercado Secundario Hipotecas (CTH),1.0,2.8968,7.79,1.22,9439335,11.60%,0.40%,0.003228,No líquida,2022-03-31
Produbanco S.A,1.0,0.53,2.71,0.38,161040500,9.98%,2.00%,0.000357,No líquida,2022-03-31
Inversancarlos S.A.,1.0,1.28,7.29,1.05,70400000,14.20%,13.60%,0.07556,No líquida,2022-03-31
Meriza S.A.,1.0,40.0,(25.71),0.84,3200000,0.00%,0.40%,0.0125,Líquida,2022-04-07
Rio Congo Forestal C.A.,1.0,40.0,(34.85),0.83,3600000,0.22%,2.40%,0.058444,No líquida,2022-04-07
El Tecal C.A. ELTECA,1.0,35.0,(21.45),0.76,3150000,0.00%,1.20%,0.055,No líquida,2022-04-07
La Reserva Forestal (Reforest S.A.),1.0,32.73,(27.68),0.8,2945700,0.00%,1.20%,0.545,No líquida,2022-04-07
Cerro Verde Forestal (Bigforest S.A.),1.0,31.91,(76.86),0.81,3191000,0.58%,2.40%,0.083,No líquida,2022-04-07
La Campiña Forestal (Strongforest S.A.),1.0,31.5,(28.98),0.86,3150000,0.00%,3.60%,0.064,Líquida,2022-04-07
El Refugio Forestal (Homeforest S.A.),1.0,25.68,(28.19),0.78,3210000,0.00%,2.40%,0.0582,No líquida,2022-04-07
El Sendero Forestal (Pathforest),1.0,22.05,(31.97),0.86,2976750,0.00%,1.61%,0.053793,No líquida,2022-04-07
La Estancia Forestal (Forestead),1.0,21.5,(49.13),0.96,3225000,0.00%,0.40%,0.0447,No líquida,2022-04-07
La Colina Forestal (Hillforest),1.0,18.0,(35.77),0.89,3600000,0.00%,0.81%,0.034665,No líquida,2022-04-07
La Sabana Forestal (Plainforest),1.0,16.18,0.00,0.9,3883200,0.00%,1.21%,0.00125,No líquida,2022-04-07
Cerro Alto Forestal (Highforest),1.0,15.4,0.00,0.0,2025000,0.00%,0.81%,0.003422,No líquida,2022-04-07
La Cumbre Forestal (Peakforest),1.0,14.0,0.00,0.0,4725000,0.00%,2.02%,0.086667,No líquida,2022-04-07
La Vanguardia Forestal (Vanguarforest),1.0,2.3,0.00,0.0,4085000,0.00%,2.02%,0.059047,No líquida,2022-04-07
Rio Grande Forestal (Riverforest),1.0,2.62,0.00,0.0,6110000,0.00%,55.65%,0.422678,No líquida,2022-04-07
La Ensenada Forestal (Coveforest),1.0,2.6,0.00,0.0,6500000,0.00%,3.63%,0.05459,Líquida,2022-04-07
Compañía de Cervezas Nacionales S.A.,1.0,55.0,9.87,5.81,1126950000,10.16%,6.80%,0.000306,No líquida,2022-04-07
Continental Tire Andina S.A.,1.0,0.7,14.18,0.58,52426416,3.47%,0.00%,0.0,Líquida,2022-04-07
Cristalería del Ecuador S.A. Cridesa,1.0,3.5,7.27,1.45,73445484,13.65%,0.40%,0.00021,Líquida,2022-04-07
Industrias Ales C.A.,1.0,0.5,38.84,0.28,19800000,0.70%,0.40%,0.000586,No líquida,2022-04-07
Holcim Ecuador S.A.,3.0,50.0,9.98,2.62,1024044200,3.00%,7.60%,0.031535,Líquida,2022-04-07
Sociedad Agrícola e Industrial San Carlos S.A.,1.0,0.55,1.14,0.33,75900000,0.00%,20.00%,0.035109,Líquida,2022-04-07
Surpapelcorp S.A.,1.0,4.25,0.00,4.45,109127250,0.00%,4.00%,0.132904,No líquida,2022-04-07
Alicosta BK Holding S.A.,1.0,10.0,0.00,1.51,2350000,0.00%,20.40%,0.332443,Líquida,2022-04-07
Cepsa S.A,1.0,1.0,6.13,0.02,343324,16.32%,0.00%,0.0,No líquida,2022-04-07
Hotel Colón Internacional C.A.,1.0,0.6,26.55,0.4,14706000,6.67%,1.60%,0.000222,No líquida,2022-04-07
Corporación Favorita C.A.,1.0,2.39,12.40,1.48,1912000000,3.03%,47.20%,0.014022,Líquida,2022-04-07
Banco Amazonas S.A.,1.0,1.0,0.00,0.47,10470723,0.00%,0.00%,0.0,No líquida,2022-04-07
Banco Bolivariano S.A.,1.0,0.9,5.09,0.67,205200000,5.85%,7.20%,0.014639,No líquida,2022-04-07
Banco Cofiec S.A.,0.004,0.0028,0.06,0.0,17927,0.00%,0.00%,0.0,No líquida,2022-04-07
Banco de Guayaquil S.A.,1.0,1.0,6.13,0.75,370170000,8.81%,23.79%,0.003722,Líquida,2022-04-07
Banco del Pichincha C.A.,100.0,76.0,4.61,0.47,551496964,5.44%,15.20%,0.197774,Líquida,2022-04-07
Banco Solidario S.A.,1.0,0.26,5.24,0.59,78663670,9.55%,0.40%,0.001162,No líquida,2022-04-07
Corp. Desarrollo Mercado Secundario Hipotecas (CTH),1.0,2.8968,7.79,1.22,9439335,11.60%,0.40%,0.003228,No líquida,2022-04-07
Produbanco S.A,1.0,0.53,2.71,0.38,161040500,9.98%,2.00%,0.000357,No líquida,2022-04-07
Inversancarlos S.A.,1.0,1.28,7.29,1.05,70400000,14.20%,13.60%,0.07556,No líquida,2022-04-07
Meriza S.A.,1.0,40.0,(25.71),0.84,3200000,0.00%,0.40%,0.0125,Líquida,2022-04-14
Rio Congo Forestal C.A.,1.0,40.0,(34.85),0.83,3600000,0.22%,2.40%,0.058444,No líquida,2022-04-14
El Tecal C.A. ELTECA,1.0,35.0,(21.45),0.76,3150000,0.00%,1.20%,0.055,No líquida,2022-04-14
La Reserva Forestal (Reforest S.A.),1.0,32.73,(27.68),0.8,2945700,0.00%,1.20%,0.545,No líquida,2022-04-14
Cerro Verde Forestal (Bigforest S.A.),1.0,31.91,(76.86),0.81,3191000,0.58%,2.40%,0.083,No líquida,2022-04-14
La Campiña Forestal (Strongforest S.A.),1.0,31.5,(28.98),0.86,3150000,0.00%,3.60%,0.064,Líquida,2022-04-14
El Refugio Forestal (Homeforest S.A.),1.0,25.68,(28.19),0.78,3210000,0.00%,2.40%,0.0582,No líquida,2022-04-14
El Sendero Forestal (Pathforest),1.0,22.05,(31.97),0.86,2976750,0.00%,1.61%,0.053793,No líquida,2022-04-14
La Estancia Forestal (Forestead),1.0,21.5,(49.13),0.96,3225000,0.00%,0.40%,0.0447,No líquida,2022-04-14
La Colina Forestal (Hillforest),1.0,18.0,(35.77),0.89,3600000,0.00%,0.81%,0.034665,No líquida,2022-04-14
La Sabana Forestal (Plainforest),1.0,16.18,0.00,0.9,3883200,0.00%,1.21%,0.00125,No líquida,2022-04-14
Cerro Alto Forestal (Highforest),1.0,15.4,0.00,0.0,2025000,0.00%,0.81%,0.003422,No líquida,2022-04-14
La Cumbre Forestal (Peakforest),1.0,14.0,0.00,0.0,4725000,0.00%,2.02%,0.086667,No líquida,2022-04-14
La Vanguardia Forestal (Vanguarforest),1.0,2.3,0.00,0.0,4085000,0.00%,2.02%,0.059047,No líquida,2022-04-14
Rio Grande Forestal (Riverforest),1.0,2.62,0.00,0.0,6110000,0.00%,55.65%,0.422678,No líquida,2022-04-14
La Ensenada Forestal (Coveforest),1.0,2.6,0.00,0.0,6500000,0.00%,3.63%,0.05459,Líquida,2022-04-14
Compañía de Cervezas Nacionales S.A.,1.0,55.0,9.87,5.81,1126950000,10.16%,6.80%,0.000306,No líquida,2022-04-14
Continental Tire Andina S.A.,1.0,0.7,14.18,0.58,52426416,3.47%,0.00%,0.0,Líquida,2022-04-14
Cristalería del Ecuador S.A. Cridesa,1.0,3.5,7.27,1.45,73445484,13.65%,0.40%,0.00021,Líquida,2022-04-14
Industrias Ales C.A.,1.0,0.5,38.84,0.28,19800000,0.70%,0.40%,0.000586,No líquida,2022-04-14
Holcim Ecuador S.A.,3.0,50.0,9.98,2.62,1024044200,3.00%,7.60%,0.031535,Líquida,2022-04-14
Sociedad Agrícola e Industrial San Carlos S.A.,1.0,0.55,1.14,0.33,75900000,0.00%,20.00%,0.035109,Líquida,2022-04-14
Surpapelcorp S.A.,1.0,4.25,0.00,4.45,109127250,0.00%,4.00%,0.132904,No líquida,2022-04-14
Alicosta BK Holding S.A.,1.0,10.0,0.00,1.51,2350000,0.00%,20.40%,0.332443,Líquida,2022-04-14
Cepsa S.A,1.0,1.0,6.13,0.02,343324,16.32%,0.00%,0.0,No líquida,2022-04-14
Hotel Colón Internacional C.A.,1.0,0.6,26.55,0.4,14706000,6.67%,1.60%,0.000222,No líquida,2022-04-14
Corporación Favorita C.A.,1.0,2.38,12.35,1.47,1904000000,3.05%,47.20%,0.014022,Líquida,2022-04-14
Banco Amazonas S.A.,1.0,1.0,0.00,0.47,10470723,0.00%,0.00%,0.0,No líquida,2022-04-14
Banco Bolivariano S.A.,1.0,0.9,5.09,0.67,205200000,5.85%,7.20%,0.014639,No líquida,2022-04-14
Banco Cofiec S.A.,0.004,0.0028,0.06,0.0,17927,0.00%,0.00%,0.0,No líquida,2022-04-14
Banco de Guayaquil S.A.,1.0,1.0,6.13,0.75,370170000,8.81%,23.79%,0.003722,Líquida,2022-04-14
Banco del Pichincha C.A.,100.0,76.0,4.61,0.47,551496964,5.44%,15.20%,0.197774,Líquida,2022-04-14
Banco Solidario S.A.,1.0,0.26,5.24,0.59,78663670,9.55%,0.40%,0.001162,No líquida,2022-04-14
Corp. Desarrollo Mercado Secundario Hipotecas (CTH),1.0,2.8968,7.79,1.22,9439335,11.60%,0.40%,0.003228,No líquida,2022-04-14
Produbanco S.A,1.0,0.53,2.71,0.38,161040500,9.98%,2.00%,0.000357,No líquida,2022-04-14
Inversancarlos S.A.,1.0,1.28,7.29,1.05,70400000,14.20%,13.60%,0.07556,No líquida,2022-04-14
Meriza S.A.,1.0,40.0,(25.71),0.84,3200000,0.00%,0.40%,0.0125,Líquida,2022-04-21
Rio Congo Forestal C.A.,1.0,40.0,(34.85),0.83,3600000,0.22%,2.40%,0.058444,No líquida,2022-04-21
El Tecal C.A. ELTECA,1.0,35.0,(21.45),0.76,3150000,0.00%,1.20%,0.055,No líquida,2022-04-21
La Reserva Forestal (Reforest S.A.),1.0,32.73,(27.68),0.8,2945700,0.00%,1.20%,0.545,No líquida,2022-04-21
Cerro Verde Forestal (Bigforest S.A.),1.0,31.91,(76.86),0.81,3191000,0.58%,2.40%,0.083,No líquida,2022-04-21
La Campiña Forestal (Strongforest S.A.),1.0,31.5,(28.98),0.86,3150000,0.00%,3.60%,0.064,Líquida,2022-04-21
El Refugio Forestal (Homeforest S.A.),1.0,25.68,(28.19),0.78,3210000,0.00%,2.40%,0.0582,No líquida,2022-04-21
El Sendero Forestal (Pathforest),1.0,22.05,(31.97),0.86,2976750,0.00%,1.61%,0.053793,No líquida,2022-04-21
La Estancia Forestal (Forestead),1.0,21.5,(49.13),0.96,3225000,0.00%,0.40%,0.0447,No líquida,2022-04-21
La Colina Forestal (Hillforest),1.0,18.0,(35.77),0.89,3600000,0.00%,0.81%,0.034665,No líquida,2022-04-21
La Sabana Forestal (Plainforest),1.0,16.18,0.00,0.9,3883200,0.00%,1.21%,0.00125,No líquida,2022-04-21
Cerro Alto Forestal (Highforest),1.0,15.4,0.00,0.0,2025000,0.00%,0.81%,0.003422,No líquida,2022-04-21
La Cumbre Forestal (Peakforest),1.0,14.0,0.00,0.0,4725000,0.00%,2.02%,0.086667,No líquida,2022-04-21
La Vanguardia Forestal (Vanguarforest),1.0,2.3,0.00,0.0,4085000,0.00%,2.02%,0.059047,No líquida,2022-04-21
Rio Grande Forestal (Riverforest),1.0,2.62,0.00,0.0,6110000,0.00%,55.65%,0.422678,No líquida,2022-04-21
La Ensenada Forestal (Coveforest),1.0,2.6,0.00,0.0,6500000,0.00%,3.63%,0.05459,Líquida,2022-04-21
Compañía de Cervezas Nacionales S.A.,1.0,55.0,9.87,5.81,1126950000,10.16%,6.80%,0.000306,No líquida,2022-04-21
Continental Tire Andina S.A.,1.0,0.7,14.18,0.58,52426416,3.47%,0.00%,0.0,Líquida,2022-04-21
Cristalería del Ecuador S.A. Cridesa,1.0,3.5,7.27,1.45,73445484,13.65%,0.40%,0.00021,Líquida,2022-04-21
Industrias Ales C.A.,1.0,0.5,38.84,0.28,19800000,0.70%,0.40%,0.000586,No líquida,2022-04-21
Holcim Ecuador S.A.,3.0,50.0,9.98,2.62,1024044200,3.00%,7.60%,0.031535,Líquida,2022-04-21
Sociedad Agrícola e Industrial San Carlos S.A.,1.0,0.55,1.14,0.33,75900000,0.00%,20.00%,0.035109,Líquida,2022-04-21
Surpapelcorp S.A.,1.0,4.25,0.00,4.45,109127250,0.00%,4.00%,0.132904,No líquida,2022-04-21
Alicosta BK Holding S.A.,1.0,10.0,0.00,1.51,2350000,0.00%,20.40%,0.332443,Líquida,2022-04-21
Cepsa S.A,1.0,1.0,6.13,0.02,343324,16.32%,0.00%,0.0,No líquida,2022-04-21
Hotel Colón Internacional C.A.,1.0,0.6,26.55,0.4,14706000,6.67%,1.60%,0.000222,No líquida,2022-04-21
Corporación Favorita C.A.,1.0,2.4,12.45,1.48,1920000000,3.02%,47.20%,0.014022,Líquida,2022-04-21
Banco Amazonas S.A.,1.0,1.0,0.00,0.47,10470723,0.00%,0.00%,0.0,No líquida,2022-04-21
Banco Bolivariano S.A.,1.0,0.9,5.09,0.67,205200000,5.85%,7.20%,0.014639,No líquida,2022-04-21
Banco Cofiec S.A.,0.004,0.0028,0.06,0.0,17927,0.00%,0.00%,0.0,No líquida,2022-04-21
Banco de Guayaquil S.A.,1.0,1.0,6.13,0.75,370170000,8.81%,23.79%,0.003722,Líquida,2022-04-21
Banco del Pichincha C.A.,100.0,76.0,4.61,0.47,551496964,5.44%,15.20%,0.197774,Líquida,2022-04-21
Banco Solidario S.A.,1.0,0.26,5.24,0.59,78663670,9.55%,0.40%,0.001162,No líquida,2022-04-21
Corp. Desarrollo Mercado Secundario Hipotecas (CTH),1.0,2.8968,7.79,1.22,9439335,11.60%,0.40%,0.003228,No líquida,2022-04-21
Produbanco S.A,1.0,0.71,3.62,0.51,215733500,7.45%,2.00%,0.000357,No líquida,2022-04-21
Inversancarlos S.A.,1.0,1.28,7.29,1.05,70400000,14.20%,13.60%,0.07556,No líquida,2022-04-21
Meriza S.A.,1.0,40.0,(25.71),0.84,3200000,0.00%,0.40%,0.0125,Líquida,2022-04-28
Rio Congo Forestal C.A.,1.0,40.0,(34.85),0.83,3600000,0.22%,2.40%,0.058444,No líquida,2022-04-28
El Tecal C.A. ELTECA,1.0,35.0,(21.45),0.76,3150000,0.00%,1.20%,0.055,No líquida,2022-04-28
La Reserva Forestal (Reforest S.A.),1.0,32.73,(27.68),0.8,2945700,0.00%,1.20%,0.545,No líquida,2022-04-28
Cerro Verde Forestal (Bigforest S.A.),1.0,31.91,(76.86),0.81,3191000,0.58%,2.40%,0.083,No líquida,2022-04-28
La Campiña Forestal (Strongforest S.A.),1.0,31.5,(28.98),0.86,3150000,0.00%,3.60%,0.064,Líquida,2022-04-28
El Refugio Forestal (Homeforest S.A.),1.0,25.68,(28.19),0.78,3210000,0.00%,2.40%,0.0582,No líquida,2022-04-28
El Sendero Forestal (Pathforest),1.0,22.05,(31.97),0.86,2976750,0.00%,1.61%,0.053793,No líquida,2022-04-28
La Estancia Forestal (Forestead),1.0,21.5,(49.13),0.96,3225000,0.00%,0.40%,0.0447,No líquida,2022-04-28
La Colina Forestal (Hillforest),1.0,18.0,(35.77),0.89,3600000,0.00%,0.81%,0.034665,No líquida,2022-04-28
La Sabana Forestal (Plainforest),1.0,16.18,0.00,0.9,3883200,0.00%,1.21%,0.00125,No líquida,2022-04-28
Cerro Alto Forestal (Highforest),1.0,15.4,0.00,0.0,2025000,0.00%,0.81%,0.003422,No líquida,2022-04-28
La Cumbre Forestal (Peakforest),1.0,14.0,0.00,0.0,4725000,0.00%,2.02%,0.086667,No líquida,2022-04-28
La Vanguardia Forestal (Vanguarforest),1.0,2.3,0.00,0.0,4085000,0.00%,2.02%,0.059047,No líquida,2022-04-28
Rio Grande Forestal (Riverforest),1.0,2.62,0.00,0.0,6110000,0.00%,55.65%,0.422678,No líquida,2022-04-28
La Ensenada Forestal (Coveforest),1.0,2.6,0.00,0.0,6500000,0.00%,3.63%,0.05459,Líquida,2022-04-28
Compañía de Cervezas Nacionales S.A.,1.0,55.0,9.87,5.81,1126950000,10.16%,6.80%,0.000306,No líquida,2022-04-28
Continental Tire Andina S.A.,1.0,0.7,14.18,0.58,52426416,3.47%,0.00%,0.0,Líquida,2022-04-28
Cristalería del Ecuador S.A. Cridesa,1.0,3.5,7.27,1.45,73445484,13.65%,0.40%,0.00021,Líquida,2022-04-28
Industrias Ales C.A.,1.0,0.5,38.84,0.28,19800000,0.70%,0.40%,0.000586,No líquida,2022-04-28
Holcim Ecuador S.A.,3.0,50.0,9.98,2.62,1024044200,3.00%,7.60%,0.031535,Líquida,2022-04-28
Sociedad Agrícola e Industrial San Carlos S.A.,1.0,0.55,1.14,0.33,75900000,0.00%,20.00%,0.035109,Líquida,2022-04-28
Surpapelcorp S.A.,1.0,4.25,0.00,4.45,109127250,0.00%,4.00%,0.132904,No líquida,2022-04-28
Alicosta BK Holding S.A.,1.0,10.0,0.00,1.51,2350000,0.00%,20.40%,0.332443,Líquida,2022-04-28
Cepsa S.A,1.0,1.0,6.13,0.02,343324,16.32%,0.00%,0.0,No líquida,2022-04-28
Hotel Colón Internacional C.A.,1.0,0.6,26.55,0.4,14706000,6.67%,1.60%,0.000222,No líquida,2022-04-28
Corporación Favorita C.A.,1.0,2.4,12.45,1.48,1920000000,3.02%,47.20%,0.014022,Líquida,2022-04-28
Banco Amazonas S.A.,1.0,1.0,0.00,0.47,10470723,0.00%,0.00%,0.0,No líquida,2022-04-28
Banco Bolivariano S.A.,1.0,0.9,5.09,0.67,205200000,5.85%,7.20%,0.014639,No líquida,2022-04-28
Banco Cofiec S.A.,0.004,0.0028,0.06,0.0,17927,0.00%,0.00%,0.0,No líquida,2022-04-28
Banco de Guayaquil S.A.,1.0,1.02,6.25,0.77,377573400,8.63%,23.79%,0.003722,Líquida,2022-04-28
Banco del Pichincha C.A.,100.0,76.0,4.61,0.47,551496964,5.44%,15.20%,0.197774,Líquida,2022-04-28
Banco Solidario S.A.,1.0,0.26,5.24,0.59,78663670,9.55%,0.40%,0.001162,No líquida,2022-04-28
Corp. Desarrollo Mercado Secundario Hipotecas (CTH),1.0,2.8968,7.79,1.22,9439335,11.60%,0.40%,0.003228,No líquida,2022-04-28
Produbanco S.A,1.0,0.71,3.62,0.51,215733500,7.45%,2.00%,0.000357,No líquida,2022-04-28
Inversancarlos S.A.,1.0,1.28,7.29,1.05,70400000,14.20%,13.60%,0.07556,No líquida,2022-04-28
Meriza S.A.,1.0,40.0,(25.71),0.84,3200000,0.00%,0.40%,0.0125,Líquida,2022-05-05
Rio Congo Forestal C.A.,1.0,40.0,(34.85),0.83,3600000,0.22%,2.40%,0.058444,No líquida,2022-05-05
El Tecal C.A. ELTECA,1.0,35.0,(21.45),0.76,3150000,0.00%,1.20%,0.055,No líquida,2022-05-05
La Reserva Forestal (Reforest S.A.),1.0,32.73,(27.68),0.8,2945700,0.00%,1.20%,0.545,No líquida,2022-05-05
Cerro Verde Forestal (Bigforest S.A.),1.0,31.91,(76.86),0.81,3191000,0.58%,2.40%,0.083,No líquida,2022-05-05
La Campiña Forestal (Strongforest S.A.),1.0,31.5,(28.98),0.86,3150000,0.00%,3.60%,0.064,Líquida,2022-05-05
El Refugio Forestal (Homeforest S.A.),1.0,25.68,(28.19),0.78,3210000,0.00%,2.40%,0.0582,No líquida,2022-05-05
El Sendero Forestal (Pathforest),1.0,22.05,(31.97),0.86,2976750,0.00%,1.61%,0.053793,No líquida,2022-05-05
La Estancia Forestal (Forestead),1.0,21.5,(49.13),0.96,3225000,0.00%,0.40%,0.0447,No líquida,2022-05-05
La Colina Forestal (Hillforest),1.0,18.0,(35.77),0.89,3600000,0.00%,0.81%,0.034665,No líquida,2022-05-05
La Sabana Forestal (Plainforest),1.0,16.18,0.00,0.9,3883200,0.00%,1.21%,0.00125,No líquida,2022-05-05
Cerro Alto Forestal (Highforest),1.0,15.4,0.00,0.0,2025000,0.00%,0.81%,0.003422,No líquida,2022-05-05
La Cumbre Forestal (Peakforest),1.0,14.0,0.00,0.0,4725000,0.00%,2.02%,0.086667,No líquida,2022-05-05
La Vanguardia Forestal (Vanguarforest),1.0,2.3,0.00,0.0,4085000,0.00%,2.02%,0.059047,No líquida,2022-05-05
Rio Grande Forestal (Riverforest),1.0,2.62,0.00,0.0,6110000,0.00%,55.65%,0.422678,No líquida,2022-05-05
La Ensenada Forestal (Coveforest),1.0,2.6,0.00,0.0,6500000,0.00%,3.63%,0.05459,Líquida,2022-05-05
Compañía de Cervezas Nacionales S.A.,1.0,55.0,9.87,5.81,1126950000,10.16%,6.80%,0.000306,No líquida,2022-05-05
Continental Tire Andina S.A.,1.0,0.7,14.18,0.58,52426416,3.47%,0.00%,0.0,Líquida,2022-05-05
Cristalería del Ecuador S.A. Cridesa,1.0,3.5,7.27,1.45,73445484,13.65%,0.40%,0.00021,Líquida,2022-05-05
Industrias Ales C.A.,1.0,0.5,38.84,0.28,19800000,0.70%,0.40%,0.000586,No líquida,2022-05-05
Holcim Ecuador S.A.,3.0,50.0,9.98,2.62,1024044200,3.00%,7.60%,0.031535,Líquida,2022-05-05
Sociedad Agrícola e Industrial San Carlos S.A.,1.0,0.55,1.14,0.33,75900000,0.00%,20.00%,0.035109,Líquida,2022-05-05
Surpapelcorp S.A.,1.0,4.25,0.00,4.45,109127250,0.00%,4.00%,0.132904,No líquida,2022-05-05
Alicosta BK Holding S.A.,1.0,10.0,0.00,1.51,2350000,0.00%,20.40%,0.332443,Líquida,2022-05-05
Cepsa S.A,1.0,1.0,6.13,0.02,343324,16.32%,0.00%,0.0,No líquida,2022-05-05
Hotel Colón Internacional C.A.,1.0,0.6,26.55,0.4,14706000,6.67%,1.60%,0.000222,No líquida,2022-05-05
Corporación Favorita C.A.,1.0,2.4,12.45,1.48,1920000000,3.02%,47.20%,0.014022,Líquida,2022-05-05
Banco Amazonas S.A.,1.0,1.0,0.00,0.47,10470723,0.00%,0.00%,0.0,No líquida,2022-05-05
Banco Bolivariano S.A.,1.0,0.9,5.09,0.67,205200000,5.85%,7.20%,0.014639,No líquida,2022-05-05
Banco Cofiec S.A.,0.004,0.0028,0.06,0.0,17927,0.00%,0.00%,0.0,No líquida,2022-05-05
Banco de Guayaquil S.A.,1.0,1.02,6.25,0.77,377573400,8.63%,23.79%,0.003722,Líquida,2022-05-05
Banco del Pichincha C.A.,100.0,76.0,4.61,0.47,551496964,5.44%,15.20%,0.197774,Líquida,2022-05-05
Banco Solidario S.A.,1.0,0.26,5.24,0.59,78663670,9.55%,0.40%,0.001162,No líquida,2022-05-05
Corp. Desarrollo Mercado Secundario Hipotecas (CTH),1.0,2.8968,7.79,1.22,9439335,11.60%,0.40%,0.003228,No líquida,2022-05-05
Produbanco S.A,1.0,0.71,3.62,0.51,215733500,7.45%,2.00%,0.000357,No líquida,2022-05-05
Inversancarlos S.A.,1.0,1.28,7.29,1.05,70400000,14.20%,13.60%,0.07556,No líquida,2022-05-05
Meriza S.A.,1.0,40.0,(25.71),0.84,3200000,0.00%,0.40%,0.0125,Líquida,2022-05-11
Rio Congo Forestal C.A.,1.0,40.0,(34.85),0.83,3600000,0.22%,2.40%,0.058444,No líquida,2022-05-11
El Tecal C.A. ELTECA,1.0,35.0,(21.45),0.76,3150000,0.00%,1.20%,0.055,No líquida,2022-05-11
La Reserva Forestal (Reforest S.A.),1.0,32.73,(27.68),0.8,2945700,0.00%,1.20%,0.545,No líquida,2022-05-11
Cerro Verde Forestal (Bigforest S.A.),1.0,31.91,(76.86),0.81,3191000,0.58%,2.40%,0.083,No líquida,2022-05-11
La Campiña Forestal (Strongforest S.A.),1.0,31.5,(28.98),0.86,3150000,0.00%,3.60%,0.064,Líquida,2022-05-11
El Refugio Forestal (Homeforest S.A.),1.0,25.68,(28.19),0.78,3210000,0.00%,2.40%,0.0582,No líquida,2022-05-11
El Sendero Forestal (Pathforest),1.0,22.05,(31.97),0.86,2976750,0.00%,1.61%,0.053793,No líquida,2022-05-11
La Estancia Forestal (Forestead),1.0,21.5,(49.13),0.96,3225000,0.00%,0.40%,0.0447,No líquida,2022-05-11
La Colina Forestal (Hillforest),1.0,18.0,(35.77),0.89,3600000,0.00%,0.81%,0.034665,No líquida,2022-05-11
La Sabana Forestal (Plainforest),1.0,16.18,0.00,0.9,3883200,0.00%,1.21%,0.00125,No líquida,2022-05-11
Cerro Alto Forestal (Highforest),1.0,15.4,0.00,0.0,2025000,0.00%,0.81%,0.003422,No líquida,2022-05-11
La Cumbre Forestal (Peakforest),1.0,14.0,0.00,0.0,4725000,0.00%,2.02%,0.086667,No líquida,2022-05-11
La Vanguardia Forestal (Vanguarforest),1.0,2.3,0.00,0.0,4085000,0.00%,2.02%,0.059047,No líquida,2022-05-11
Rio Grande Forestal (Riverforest),1.0,2.62,0.00,0.0,6110000,0.00%,55.65%,0.422678,No líquida,2022-05-11
La Ensenada Forestal (Coveforest),1.0,2.6,0.00,0.0,6500000,0.00%,3.63%,0.05459,Líquida,2022-05-11
Compañía de Cervezas Nacionales S.A.,1.0,60.0,10.76,6.34,1229400000,9.31%,6.80%,0.000306,No líquida,2022-05-11
Continental Tire Andina S.A.,1.0,0.7,14.18,0.58,52426416,3.47%,0.00%,0.0,Líquida,2022-05-11
Cristalería del Ecuador S.A. Cridesa,1.0,3.5,7.27,1.45,73445484,13.65%,0.40%,0.00021,Líquida,2022-05-11
Industrias Ales C.A.,1.0,0.5,38.84,0.28,19800000,0.70%,0.40%,0.000586,No líquida,2022-05-11
Holcim Ecuador S.A.,3.0,50.0,9.98,2.62,1024044200,3.00%,7.60%,0.031535,Líquida,2022-05-11
Sociedad Agrícola e Industrial San Carlos S.A.,1.0,0.55,1.14,0.33,75900000,0.00%,20.00%,0.035109,Líquida,2022-05-11
Surpapelcorp S.A.,1.0,4.25,0.00,4.45,109127250,0.00%,4.00%,0.132904,No líquida,2022-05-11
Alicosta BK Holding S.A.,1.0,10.0,0.00,1.51,2350000,0.00%,20.40%,0.332443,Líquida,2022-05-11
Cepsa S.A,1.0,1.0,6.13,0.02,343324,16.32%,0.00%,0.0,No líquida,2022-05-11
Hotel Colón Internacional C.A.,1.0,0.6,26.55,0.4,14706000,6.67%,1.60%,0.000222,No líquida,2022-05-11
Corporación Favorita C.A.,1.0,2.4,12.45,1.48,1920000000,3.02%,47.20%,0.014022,Líquida,2022-05-11
Banco Amazonas S.A.,1.0,1.0,0.00,0.47,10470723,0.00%,0.00%,0.0,No líquida,2022-05-11
Banco Bolivariano S.A.,1.0,0.9,5.09,0.67,205200000,5.85%,7.20%,0.014639,No líquida,2022-05-11
Banco Cofiec S.A.,0.004,0.0028,0.06,0.0,17927,0.00%,0.00%,0.0,No líquida,2022-05-11
Banco de Guayaquil S.A.,1.0,1.02,6.25,0.77,377573400,8.63%,23.79%,0.003722,Líquida,2022-05-11
Banco del Pichincha C.A.,100.0,76.0,4.61,0.47,551496964,5.44%,15.20%,0.197774,Líquida,2022-05-11
Banco Solidario S.A.,1.0,0.26,5.24,0.59,78663670,9.55%,0.40%,0.001162,No líquida,2022-05-11
Corp. Desarrollo Mercado Secundario Hipotecas (CTH),1.0,2.8968,7.79,1.22,9439335,11.60%,0.40%,0.003228,No líquida,2022-05-11
Produbanco S.A,1.0,0.71,3.62,0.51,215733500,7.45%,2.00%,0.000357,No líquida,2022-05-11
Inversancarlos S.A.,1.0,1.28,7.29,1.05,70400000,14.20%,13.60%,0.07556,No líquida,2022-05-11
Meriza S.A.,1.0,40.0,(25.71),0.84,3200000,0.00%,0.40%,0.0125,Líquida,2022-05-18
Rio Congo Forestal C.A.,1.0,40.0,(34.85),0.83,3600000,0.22%,2.40%,0.058444,No líquida,2022-05-18
El Tecal C.A. ELTECA,1.0,35.0,(21.45),0.76,3150000,0.00%,1.20%,0.055,No líquida,2022-05-18
La Reserva Forestal (Reforest S.A.),1.0,32.73,(27.68),0.8,2945700,0.00%,1.20%,0.545,No líquida,2022-05-18
Cerro Verde Forestal (Bigforest S.A.),1.0,31.91,(76.86),0.81,3191000,0.58%,2.40%,0.083,No líquida,2022-05-18
La Campiña Forestal (Strongforest S.A.),1.0,31.5,(28.98),0.86,3150000,0.00%,3.60%,0.064,Líquida,2022-05-18
El Refugio Forestal (Homeforest S.A.),1.0,25.68,(28.19),0.78,3210000,0.00%,2.40%,0.0582,No líquida,2022-05-18
El Sendero Forestal (Pathforest),1.0,22.05,(31.97),0.86,2976750,0.00%,1.61%,0.053793,No líquida,2022-05-18
La Estancia Forestal (Forestead),1.0,21.5,(49.13),0.96,3225000,0.00%,0.40%,0.0447,No líquida,2022-05-18
La Colina Forestal (Hillforest),1.0,18.0,(35.77),0.89,3600000,0.00%,0.81%,0.034665,No líquida,2022-05-18
La Sabana Forestal (Plainforest),1.0,16.18,0.00,0.9,3883200,0.00%,1.21%,0.00125,No líquida,2022-05-18
Cerro Alto Forestal (Highforest),1.0,15.4,0.00,0.0,2025000,0.00%,0.81%,0.003422,No líquida,2022-05-18
La Cumbre Forestal (Peakforest),1.0,14.0,0.00,0.0,4725000,0.00%,2.02%,0.086667,No líquida,2022-05-18
La Vanguardia Forestal (Vanguarforest),1.0,2.3,0.00,0.0,4085000,0.00%,2.02%,0.059047,No líquida,2022-05-18
Rio Grande Forestal (Riverforest),1.0,2.62,0.00,0.0,6110000,0.00%,55.65%,0.422678,No líquida,2022-05-18
La Ensenada Forestal (Coveforest),1.0,2.6,0.00,0.0,6500000,0.00%,3.63%,0.05459,Líquida,2022-05-18
Compañía de Cervezas Nacionales S.A.,1.0,60.0,10.76,6.34,1229400000,9.31%,6.80%,0.000306,No líquida,2022-05-18
Continental Tire Andina S.A.,1.0,0.7,14.18,0.58,52426416,3.47%,0.00%,0.0,Líquida,2022-05-18
Cristalería del Ecuador S.A. Cridesa,1.0,3.5,7.27,1.45,73445484,13.65%,0.40%,0.00021,Líquida,2022-05-18
Industrias Ales C.A.,1.0,0.5,38.84,0.28,19800000,0.70%,0.40%,0.000586,No líquida,2022-05-18
Holcim Ecuador S.A.,3.0,50.0,9.98,2.62,1024044200,3.00%,7.60%,0.031535,Líquida,2022-05-18
Sociedad Agrícola e Industrial San Carlos S.A.,1.0,0.55,1.14,0.33,75900000,0.00%,20.00%,0.035109,Líquida,2022-05-18
Surpapelcorp S.A.,1.0,4.25,0.00,4.45,109127250,0.00%,4.00%,0.132904,No líquida,2022-05-18
Alicosta BK Holding S.A.,1.0,10.0,0.00,1.51,2350000,0.00%,20.40%,0.332443,Líquida,2022-05-18
Cepsa S.A,1.0,1.0,6.13,0.02,343324,16.32%,0.00%,0.0,No líquida,2022-05-18
Hotel Colón Internacional C.A.,1.0,0.6,26.55,0.4,14706000,6.67%,1.60%,0.000222,No líquida,2022-05-18
Corporación Favorita C.A.,1.0,2.2,12.12,1.45,1870000000,3.10%,47.20%,0.013197,Líquida,2022-05-18
Banco Amazonas S.A.,1.0,1.0,0.00,0.47,10470723,0.00%,0.00%,0.0,No líquida,2022-05-18
Banco Bolivariano S.A.,1.0,0.9,5.09,0.67,205200000,5.85%,7.20%,0.014639,No líquida,2022-05-18
Banco Cofiec S.A.,0.004,0.0028,0.06,0.0,17927,0.00%,0.00%,0.0,No líquida,2022-05-18
Banco de Guayaquil S.A.,1.0,1.02,6.25,0.77,377573400,8.63%,23.79%,0.003722,Líquida,2022-05-18
Banco del Pichincha C.A.,100.0,76.0,4.61,0.47,551496964,5.44%,15.20%,0.197774,Líquida,2022-05-18
Banco Solidario S.A.,1.0,0.26,5.24,0.59,78663670,9.55%,0.40%,0.001162,No líquida,2022-05-18
Corp. Desarrollo Mercado Secundario Hipotecas (CTH),1.0,2.8968,7.79,1.22,9439335,11.60%,0.40%,0.003228,No líquida,2022-05-18
Produbanco S.A,1.0,0.71,3.62,0.51,215733500,7.45%,2.00%,0.000357,No líquida,2022-05-18
Inversancarlos S.A.,1.0,1.28,7.29,1.05,70400000,14.20%,13.60%,0.07556,No líquida,2022-05-18
Meriza S.A.,1.0,40.0,(25.71),0.84,3200000,0.00%,0.40%,0.0125,Líquida,2022-05-25
Rio Congo Forestal C.A.,1.0,40.0,(34.85),0.83,3600000,0.22%,2.40%,0.058444,No líquida,2022-05-25
El Tecal C.A. ELTECA,1.0,35.0,(21.45),0.76,3150000,0.00%,1.20%,0.055,No líquida,2022-05-25
La Reserva Forestal (Reforest S.A.),1.0,32.73,(27.68),0.8,2945700,0.00%,1.20%,0.545,No líquida,2022-05-25
Cerro Verde Forestal (Bigforest S.A.),1.0,31.91,(76.86),0.81,3191000,0.58%,2.40%,0.083,No líquida,2022-05-25
La Campiña Forestal (Strongforest S.A.),1.0,31.5,(28.98),0.86,3150000,0.00%,3.60%,0.064,Líquida,2022-05-25
El Refugio Forestal (Homeforest S.A.),1.0,25.68,(28.19),0.78,3210000,0.00%,2.40%,0.0582,No líquida,2022-05-25
El Sendero Forestal (Pathforest),1.0,22.05,(31.97),0.86,2976750,0.00%,1.61%,0.053793,No líquida,2022-05-25
La Estancia Forestal (Forestead),1.0,21.5,(49.13),0.96,3225000,0.00%,0.40%,0.0447,No líquida,2022-05-25
La Colina Forestal (Hillforest),1.0,18.0,(35.77),0.89,3600000,0.00%,0.81%,0.034665,No líquida,2022-05-25
La Sabana Forestal (Plainforest),1.0,16.18,0.00,0.9,3883200,0.00%,1.21%,0.00125,No líquida,2022-05-25
Cerro Alto Forestal (Highforest),1.0,15.4,0.00,0.0,2025000,0.00%,0.81%,0.003422,No líquida,2022-05-25
La Cumbre Forestal (Peakforest),1.0,14.0,0.00,0.0,4725000,0.00%,2.02%,0.086667,No líquida,2022-05-25
La Vanguardia Forestal (Vanguarforest),1.0,2.3,0.00,0.0,4085000,0.00%,2.02%,0.059047,No líquida,2022-05-25
Rio Grande Forestal (Riverforest),1.0,2.62,0.00,0.0,6110000,0.00%,55.65%,0.422678,No líquida,2022-05-25
La Ensenada Forestal (Coveforest),1.0,2.6,0.00,0.0,6500000,0.00%,3.63%,0.05459,Líquida,2022-05-25
Compañía de Cervezas Nacionales S.A.,1.0,60.0,10.76,6.34,1229400000,9.31%,6.80%,0.000306,No líquida,2022-05-25
Continental Tire Andina S.A.,1.0,0.7,14.18,0.58,52426416,3.47%,0.00%,0.0,Líquida,2022-05-25
Cristalería del Ecuador S.A. Cridesa,1.0,3.5,7.27,1.45,73445484,13.65%,0.40%,0.00021,Líquida,2022-05-25
Industrias Ales C.A.,1.0,0.5,38.84,0.28,19800000,0.70%,0.40%,0.000586,No líquida,2022-05-25
Holcim Ecuador S.A.,3.0,50.0,9.98,2.62,1024044200,3.00%,7.60%,0.031535,Líquida,2022-05-25
Sociedad Agrícola e Industrial San Carlos S.A.,1.0,0.55,1.14,0.33,75900000,0.00%,20.00%,0.035109,Líquida,2022-05-25
Surpapelcorp S.A.,1.0,4.25,0.00,4.45,109127250,0.00%,4.00%,0.132904,No líquida,2022-05-25
Alicosta BK Holding S.A.,1.0,10.0,0.00,1.51,2350000,0.00%,20.40%,0.332443,Líquida,2022-05-25
Cepsa S.A,1.0,1.0,6.13,0.02,343324,16.32%,0.00%,0.0,No líquida,2022-05-25
Hotel Colón Internacional C.A.,1.0,0.6,26.55,0.4,14706000,6.67%,1.60%,0.000222,No líquida,2022-05-25
Corporación Favorita C.A.,1.0,2.19,12.07,1.44,1861500000,3.12%,47.20%,0.013197,Líquida,2022-05-25
Banco Amazonas S.A.,1.0,1.0,0.00,0.47,10470723,0.00%,0.00%,0.0,No líquida,2022-05-25
Banco Bolivariano S.A.,1.0,0.9,5.09,0.67,205200000,5.85%,7.20%,0.014639,No líquida,2022-05-25
Banco Cofiec S.A.,0.004,0.0028,0.06,0.0,17927,0.00%,0.00%,0.0,No líquida,2022-05-25
Banco de Guayaquil S.A.,1.0,1.02,6.25,0.77,377573400,8.63%,23.79%,0.003722,Líquida,2022-05-25
Banco del Pichincha C.A.,100.0,76.0,4.61,0.47,551496964,5.44%,15.20%,0.197774,Líquida,2022-05-25
Banco Solidario S.A.,1.0,0.26,5.24,0.59,78663670,9.55%,0.40%,0.001162,No líquida,2022-05-25
Corp. Desarrollo Mercado Secundario Hipotecas (CTH),1.0,2.8968,7.79,1.22,9439335,11.60%,0.40%,0.003228,No líquida,2022-05-25
Produbanco S.A,1.0,0.71,3.62,0.51,215733500,7.45%,2.00%,0.000357,No líquida,2022-05-25
Inversancarlos S.A.,1.0,1.28,7.29,1.05,70400000,14.20%,13.60%,0.07556,No líquida,2022-05-25
Meriza S.A.,1.0,40.0,(25.71),0.84,3200000,0.00%,0.40%,0.0125,Líquida,2022-06-01
Rio Congo Forestal C.A.,1.0,40.0,(34.85),0.83,3600000,0.22%,2.40%,0.058444,No líquida,2022-06-01
El Tecal C.A. ELTECA,1.0,35.0,(21.45),0.76,3150000,0.00%,1.20%,0.055,No líquida,2022-06-01
La Reserva Forestal (Reforest S.A.),1.0,32.73,(27.68),0.8,2945700,0.00%,1.20%,0.545,No líquida,2022-06-01
Cerro Verde Forestal (Bigforest S.A.),1.0,31.91,(76.86),0.81,3191000,0.58%,2.40%,0.083,No líquida,2022-06-01
La Campiña Forestal (Strongforest S.A.),1.0,31.5,(28.98),0.86,3150000,0.00%,3.60%,0.064,Líquida,2022-06-01
El Refugio Forestal (Homeforest S.A.),1.0,25.68,(28.19),0.78,3210000,0.00%,2.40%,0.0582,No líquida,2022-06-01
El Sendero Forestal (Pathforest),1.0,22.05,(31.97),0.86,2976750,0.00%,1.61%,0.053793,No líquida,2022-06-01
La Estancia Forestal (Forestead),1.0,21.5,(49.13),0.96,3225000,0.00%,0.40%,0.0447,No líquida,2022-06-01
La Colina Forestal (Hillforest),1.0,18.0,(35.77),0.89,3600000,0.00%,0.81%,0.034665,No líquida,2022-06-01
La Sabana Forestal (Plainforest),1.0,16.18,0.00,0.9,3883200,0.00%,1.21%,0.00125,No líquida,2022-06-01
Cerro Alto Forestal (Highforest),1.0,15.4,0.00,0.0,2025000,0.00%,0.81%,0.003422,No líquida,2022-06-01
La Cumbre Forestal (Peakforest),1.0,14.0,0.00,0.0,4725000,0.00%,2.02%,0.086667,No líquida,2022-06-01
La Vanguardia Forestal (Vanguarforest),1.0,2.3,0.00,0.0,4085000,0.00%,2.02%,0.059047,No líquida,2022-06-01
Rio Grande Forestal (Riverforest),1.0,2.62,0.00,0.0,6110000,0.00%,55.65%,0.422678,No líquida,2022-06-01
La Ensenada Forestal (Coveforest),1.0,2.6,0.00,0.0,6500000,0.00%,3.63%,0.05459,Líquida,2022-06-01
Compañía de Cervezas Nacionales S.A.,1.0,60.0,10.76,6.34,1229400000,9.31%,6.80%,0.000306,No líquida,2022-06-01
Continental Tire Andina S.A.,1.0,0.7,14.18,0.58,52426416,3.47%,0.00%,0.0,Líquida,2022-06-01
Cristalería del Ecuador S.A. Cridesa,1.0,3.5,7.27,1.45,73445484,13.65%,0.40%,0.00021,Líquida,2022-06-01
Industrias Ales C.A.,1.0,0.5,38.84,0.28,19800000,0.70%,0.40%,0.000586,No líquida,2022-06-01
Holcim Ecuador S.A.,3.0,50.0,9.98,2.62,1024044200,3.00%,7.60%,0.031535,Líquida,2022-06-01
Sociedad Agrícola e Industrial San Carlos S.A.,1.0,0.55,1.14,0.33,75900000,0.00%,20.00%,0.035109,Líquida,2022-06-01
Surpapelcorp S.A.,1.0,4.25,0.00,4.45,109127250,0.00%,4.00%,0.132904,No líquida,2022-06-01
Alicosta BK Holding S.A.,1.0,10.0,0.00,1.51,2350000,0.00%,20.40%,0.332443,Líquida,2022-06-01
Cepsa S.A,1.0,1.0,6.13,0.02,343324,16.32%,0.00%,0.0,No líquida,2022-06-01
Hotel Colón Internacional C.A.,1.0,0.6,26.55,0.4,14706000,6.67%,1.60%,0.000222,No líquida,2022-06-01
Corporación Favorita C.A.,1.0,2.19,12.07,1.44,1861500000,3.12%,47.20%,0.013197,Líquida,2022-06-01
Banco Amazonas S.A.,1.0,1.0,0.00,0.47,10470723,0.00%,0.00%,0.0,No líquida,2022-06-01
Banco Bolivariano S.A.,1.0,0.9,5.09,0.67,205200000,5.85%,7.20%,0.014639,No líquida,2022-06-01
Banco Cofiec S.A.,0.004,0.0028,0.06,0.0,17927,0.00%,0.00%,0.0,No líquida,2022-06-01
Banco de Guayaquil S.A.,1.0,1.03,6.32,0.78,381275100,8.55%,23.79%,0.003722,Líquida,2022-06-01
Banco del Pichincha C.A.,100.0,76.0,4.61,0.47,551496964,5.44%,15.20%,0.197774,Líquida,2022-06-01
Banco Solidario S.A.,1.0,0.26,5.24,0.59,78663670,9.55%,0.40%,0.001162,No líquida,2022-06-01
Corp. Desarrollo Mercado Secundario Hipotecas (CTH),1.0,2.8968,7.79,1.22,9439335,11.60%,0.40%,0.003228,No líquida,2022-06-01
Produbanco S.A,1.0,0.71,3.62,0.51,215733500,7.45%,2.00%,0.000357,No líquida,2022-06-01
Inversancarlos S.A.,1.0,1.65,9.39,1.36,90750000,11.02%,13.60%,0.07556,No líquida,2022-06-01
Meriza S.A.,1.0,40.0,(25.71),0.84,3200000,0.00%,0.40%,0.0125,Líquida,2022-06-08
Rio Congo Forestal C.A.,1.0,40.0,(34.85),0.83,3600000,0.22%,2.40%,0.058444,No líquida,2022-06-08
El Tecal C.A. ELTECA,1.0,35.0,(21.45),0.76,3150000,0.00%,1.20%,0.055,No líquida,2022-06-08
La Reserva Forestal (Reforest S.A.),1.0,32.73,(27.68),0.8,2945700,0.00%,1.20%,0.545,No líquida,2022-06-08
Cerro Verde Forestal (Bigforest S.A.),1.0,31.91,(76.86),0.81,3191000,0.58%,2.40%,0.083,No líquida,2022-06-08
La Campiña Forestal (Strongforest S.A.),1.0,31.5,(28.98),0.86,3150000,0.00%,3.60%,0.064,Líquida,2022-06-08
El Refugio Forestal (Homeforest S.A.),1.0,25.68,(28.19),0.78,3210000,0.00%,2.40%,0.0582,No líquida,2022-06-08
El Sendero Forestal (Pathforest),1.0,22.05,(31.97),0.86,2976750,0.00%,1.61%,0.053793,No líquida,2022-06-08
La Estancia Forestal (Forestead),1.0,21.5,(49.13),0.96,3225000,0.00%,0.40%,0.0447,No líquida,2022-06-08
La Colina Forestal (Hillforest),1.0,18.0,(35.77),0.89,3600000,0.00%,0.81%,0.034665,No líquida,2022-06-08
La Sabana Forestal (Plainforest),1.0,16.18,0.00,0.9,3883200,0.00%,1.21%,0.00125,No líquida,2022-06-08
Cerro Alto Forestal (Highforest),1.0,15.4,0.00,0.0,2025000,0.00%,0.81%,0.003422,No líquida,2022-06-08
La Cumbre Forestal (Peakforest),1.0,14.0,0.00,0.0,4725000,0.00%,2.02%,0.086667,No líquida,2022-06-08
La Vanguardia Forestal (Vanguarforest),1.0,2.3,0.00,0.0,4085000,0.00%,2.02%,0.059047,No líquida,2022-06-08
Rio Grande Forestal (Riverforest),1.0,2.62,0.00,0.0,6110000,0.00%,55.65%,0.422678,No líquida,2022-06-08
La Ensenada Forestal (Coveforest),1.0,2.6,0.00,0.0,6500000,0.00%,3.63%,0.05459,Líquida,2022-06-08
Compañía de Cervezas Nacionales S.A.,1.0,60.0,10.76,6.34,1229400000,9.31%,6.80%,0.000306,No líquida,2022-06-08
Continental Tire Andina S.A.,1.0,0.7,14.18,0.58,52426416,3.47%,0.00%,0.0,Líquida,2022-06-08
Cristalería del Ecuador S.A. Cridesa,1.0,3.5,7.27,1.45,73445484,13.65%,0.40%,0.00021,Líquida,2022-06-08
Industrias Ales C.A.,1.0,0.5,38.84,0.28,19800000,0.70%,0.40%,0.000586,No líquida,2022-06-08
Holcim Ecuador S.A.,3.0,50.0,9.98,2.62,1024044200,3.00%,7.60%,0.031535,Líquida,2022-06-08
Sociedad Agrícola e Industrial San Carlos S.A.,1.0,0.55,1.14,0.33,75900000,0.00%,20.00%,0.035109,Líquida,2022-06-08
Surpapelcorp S.A.,1.0,4.25,0.00,4.45,109127250,0.00%,4.00%,0.132904,No líquida,2022-06-08
Alicosta BK Holding S.A.,1.0,10.0,0.00,1.51,2350000,0.00%,20.40%,0.332443,Líquida,2022-06-08
Cepsa S.A,1.0,1.0,6.13,0.02,343324,16.32%,0.00%,0.0,No líquida,2022-06-08
Hotel Colón Internacional C.A.,1.0,0.6,26.55,0.4,14706000,6.67%,1.60%,0.000222,No líquida,2022-06-08
Corporación Favorita C.A.,1.0,2.2,12.12,1.45,1870000000,3.10%,47.20%,0.013197,Líquida,2022-06-08
Banco Amazonas S.A.,1.0,1.0,0.00,0.47,10470723,0.00%,0.00%,0.0,No líquida,2022-06-08
Banco Bolivariano S.A.,1.0,0.9,5.09,0.67,205200000,5.85%,7.20%,0.014639,No líquida,2022-06-08
Banco Cofiec S.A.,0.004,0.0028,0.06,0.0,17927,0.00%,0.00%,0.0,No líquida,2022-06-08
Banco de Guayaquil S.A.,1.0,1.04,6.38,0.78,384976800,8.47%,23.79%,0.003722,Líquida,2022-06-08
Banco del Pichincha C.A.,100.0,76.0,4.61,0.47,551496964,5.44%,15.20%,0.197774,Líquida,2022-06-08
Banco Solidario S.A.,1.0,0.26,5.24,0.59,78663670,9.55%,0.40%,0.001162,No líquida,2022-06-08
Corp. Desarrollo Mercado Secundario Hipotecas (CTH),1.0,2.8968,7.79,1.22,9439335,11.60%,0.40%,0.003228,No líquida,2022-06-08
Produbanco S.A,1.0,0.71,3.62,0.51,215733500,7.45%,2.00%,0.000357,No líquida,2022-06-08
Inversancarlos S.A.,1.0,1.65,9.39,1.36,90750000,11.02%,13.60%,0.07556,No líquida,2022-06-08
Meriza S.A.,1.0000,40.0000,(25.71),0.84,3200000,0.00%,0.40%,0.012500,Líquida,2022-06-15
Rio Congo Forestal C.A.,1.0000,40.0000,(34.85),0.83,3600000,0.22%,2.40%,0.058444,No líquida,2022-06-15
El Tecal C.A. ELTECA,1.0000,35.0000,(21.45),0.76,3150000,0.00%,1.20%,0.055000,No líquida,2022-06-15
La Reserva Forestal (Reforest S.A.),1.0000,32.7300,(27.68),0.80,2945700,0.00%,1.20%,0.545000,No líquida,2022-06-15
Cerro Verde Forestal (Bigforest S.A.),1.0000,31.9100,(76.86),0.81,3191000,0.58%,2.40%,0.083000,No líquida,2022-06-15
La Campiña Forestal (Strongforest S.A.),1.0000,31.5000,(28.98),0.86,3150000,0.00%,3.60%,0.064000,Líquida,2022-06-15
El Refugio Forestal (Homeforest S.A.),1.0000,25.6800,(28.19),0.78,3210000,0.00%,2.40%,0.058200,No líquida,2022-06-15
El Sendero Forestal (Pathforest),1.0000,22.0500,(31.97),0.86,2976750,0.00%,1.61%,0.053793,No líquida,2022-06-15
La Estancia Forestal (Forestead),1.0000,21.5000,(49.13),0.96,3225000,0.00%,0.40%,0.044700,No líquida,2022-06-15
La Colina Forestal (Hillforest),1.0000,18.0000,(35.77),0.89,3600000,0.00%,0.81%,0.034665,No líquida,2022-06-15
La Sabana Forestal (Plainforest),1.0000,16.1800,0.00,0.90,3883200,0.00%,1.21%,0.001250,No líquida,2022-06-15
Cerro Alto Forestal (Highforest),1.0000,15.4000,0.00,0.00,2025000,0.00%,0.81%,0.003422,No líquida,2022-06-15
La Cumbre Forestal (Peakforest),1.0000,14.0000,0.00,0.00,4725000,0.00%,2.02%,0.086667,No líquida,2022-06-15
La Vanguardia Forestal (Vanguarforest),1.0000,2.3000,0.00,0.00,4085000,0.00%,2.02%,0.059047,No líquida,2022-06-15
Rio Grande Forestal (Riverforest),1.0000,2.6200,0.00,0.00,6110000,0.00%,55.65%,0.422678,No líquida,2022-06-15
La Ensenada Forestal (Coveforest),1.0000,2.6000,0.00,0.00,6500000,0.00%,3.63%,0.054590,Líquida,2022-06-15
Compañía de Cervezas Nacionales S.A.,1.0000,60.0000,10.76,6.34,1229400000,9.31%,6.80%,0.000306,No líquida,2022-06-15
Continental Tire Andina S.A.,1.0000,0.7000,14.18,0.58,52426416,3.47%,0.00%,0.000000,Líquida,2022-06-15
Cristalería del Ecuador S.A. Cridesa,1.0000,3.5000,7.27,1.45,73445484,13.65%,0.40%,0.000210,Líquida,2022-06-15
Industrias Ales C.A.,1.0000,0.5000,38.84,0.28,19800000,0.70%,0.40%,0.000586,No líquida,2022-06-15
Holcim Ecuador S.A.,3.0000,50.0000,9.98,2.62,1024044200,3.00%,7.60%,0.031535,Líquida,2022-06-15
Sociedad Agrícola e Industrial San Carlos S.A.,1.0000,0.5500,1.14,0.33,75900000,0.00%,20.00%,0.035109,Líquida,2022-06-15
Surpapelcorp S.A.,1.0000,4.2500,0.00,4.45,109127250,0.00%,4.00%,0.132904,No líquida,2022-06-15
Alicosta BK Holding S.A.,1.0000,10.0000,0.00,1.51,2350000,0.00%,20.40%,0.332443,Líquida,2022-06-15
Cepsa S.A,1.0000,1.0000,6.13,0.02,343324,16.32%,0.00%,0.000000,No líquida,2022-06-15
Hotel Colón Internacional C.A.,1.0000,0.6000,26.55,0.40,14706000,6.67%,1.60%,0.000222,No líquida,2022-06-15
Corporación Favorita C.A.,1.0000,2.1800,12.01,1.43,1853000000,3.13%,47.20%,0.013197,Líquida,2022-06-15
Banco Amazonas S.A.,1.0000,1.0000,0.00,0.47,10470723,0.00%,0.00%,0.000000,No líquida,2022-06-15
Banco Bolivariano S.A.,1.0000,0.9000,5.09,0.67,205200000,5.85%,7.20%,0.014639,No líquida,2022-06-15
Banco Cofiec S.A.,0.0040,0.0028,0.06,0.00,17927,0.00%,0.00%,0.000000,No líquida,2022-06-15
Banco de Guayaquil S.A.,1.0000,1.0400,6.38,0.78,384976800,8.47%,23.79%,0.003722,Líquida,2022-06-15
Banco del Pichincha C.A.,100.0000,76.0000,4.61,0.47,551496964,5.44%,15.20%,0.197774,Líquida,2022-06-15
Banco Solidario S.A.,1.0000,0.2600,5.24,0.59,78663670,9.55%,0.40%,0.001162,No líquida,2022-06-15
Corp. Desarrollo Mercado Secundario Hipotecas (CTH),1.0000,2.8968,7.79,1.22,9439335,11.60%,0.40%,0.003228,No líquida,2022-06-15
Produbanco S.A,1.0000,0.7100,3.62,0.51,215733500,7.45%,2.00%,0.000357,No líquida,2022-06-15
Inversancarlos S.A.,1.0000,1.6500,9.39,1.36,90750000,11.02%,13.60%,0.075560,No líquida,2022-06-15
